begin	begin2	end	end2	gid	gid2	id	id2	matches	s1	s2	seq	seq2	shard	uid	uid2	ch_match	align_len	matches_percentage	w_match	series_b1	series_b2
1156	18	1654	526	-4029061759496275370	3485423447167391186	0375AnonymousTranslator.TarikhCalamUrusiyus.MAB020626-ara1.completed.ms131	0845Maqrizi.KhabarCanBashar.MMS00013-ara1.ms2229	478	ثم قتل جميع اختانه واكثر اقاربه في وقت تعبءته لمحاربة الفرس وكان جميع عسكره فيما حكي اثنين وثلاثين الف فارس وستين الف راجل وكانت مراكبه خمسماءة مركب وثمانين مركب----------ا--- -----فلقد كان في امره اعجوبة اذ كان يقدم نفسه في مثل هذه القلة علي تحريك كبار ملوك الدنيا فضلا عن غلبته وكان في عسكر داري ملك الفرس في اول ملاقاته -----ستماءة الف مقاتل فغلبه الاسكندر بشدة صبر المجذونيين واستبسالهم للموت الي ما كانوا فيه من شدة عزمه وسعة حيلته فلم يزل الاسكندر في تلك الوقيعة يصابر الفرس باصحابه المجذونيين حتي غلب عليهم وكان- اذ	ثم قتل جميع اختانه واكثر اقاربه في وقت تعبتته لمحاربة الفرس وكان جميع عسكره--------- اثنين وثلاثين الف فارس وستين الف راجل وكانت مراكبه خمسماءة مركب وثمانين مركبا قال في تاريخ روما فلقد كان في امره اعجوبة اذ كان يقدم----- في مثل هذه القلة علي تحريك كبار ملوك الدنيا فضلا عن غلبته وكان في عسكر دارا ملك الفرس في اول ملاقاته اياه ستماءة الف مقاتل فغلبه الاسكندر بشدة صبر المجدونيين واستبسالهم للموت الي ما كانوا فيه من شدة عزمه وسعة خيلته فلم يزل الاسكندر في تلك الوقيعة يصابر الفرس ياصحابه المجدونيين حتي غلب عليهم وكانت اذ	131	2229	0	7801281652361754306	2074448269782644175	389	522	91.57088470458984	80	0375AnonymousTranslator.TarikhCalamUrusiyus.MAB020626-ara1.completed	0845Maqrizi.KhabarCanBashar.MMS00013-ara1
0	1392	173	1569	-4029061759496275370	3485423447167391186	0375AnonymousTranslator.TarikhCalamUrusiyus.MAB020626-ara1.completed.ms102	0845Maqrizi.KhabarCanBashar.MMS00013-ara1.ms2217	170	-- فحص كان بساطه دما جامدا فلما راي شخشار ذلك من فعلهم وعزمهم وفهم ان قد غلب مرتين في البر عبا لمقاتلتهم في البحر --بالمراكب وكان رءيس الاثنياشيين يسمي طمشتقلان فاوصي الي قباءل	في فحص كان بساطه ذما جامدا فلما راي شخشار ذلك من فعلهم وعزمهم وفهم ان قد غلب مرتين في البر عبا لمقاتلتهم في البحر في المراكب وكان رءيس الاثنياشيين يسمي طمستقلان فاوصي الي قباءل	102	2217	0	-2969653958194589968	2181067722233762356	137	177	96.04519653320312	29	0375AnonymousTranslator.TarikhCalamUrusiyus.MAB020626-ara1.completed	0845Maqrizi.KhabarCanBashar.MMS00013-ara1
38	334	261	591	-4029061759496275370	3485423447167391186	0375AnonymousTranslator.TarikhCalamUrusiyus.MAB020626-ara1.completed.ms109	0845Maqrizi.KhabarCanBashar.MMS00013-ara1.ms2220	186	دار-----ي بن ارت---------شخشار بن داري ملك -الفرس-- فذكر ما لقيه ابوه وجده مع الاثنياشيين فامر عامله علي بلد ليذية واسمه شرفرثان بان يصالح اللجذمونيين وان يعدهم العون والعطايا علي محاربة الاثنياشيين ومن -عجي---ب ا-مر- -----الاثن-ياشيين- انهم كانوا-- -اهل ب-	دارا نوطو بن ارتشخشار بن شخشار بن دارا تسع عشرة سنة فذكر ما لقيه ابوه وجده مع الاتنياشيين فامر عامله علي بلد ليذيه واسمه شرمرتان بان يصالح اللجذمونيين وان يعدهم العون والعطايا علي محاربة الاتنياشيين قال وولي ملك الفرس بعد دارا نوطو ابنه ارتشخشار ابن دارا بن	109	2220	0	9220005282968677788	-5939227249582688749	149	257	72.37354278564453	22	0375AnonymousTranslator.TarikhCalamUrusiyus.MAB020626-ara1.completed	0845Maqrizi.KhabarCanBashar.MMS00013-ara1
744	635	1410	1227	-4029061759496275370	3485423447167391186	0375AnonymousTranslator.TarikhCalamUrusiyus.MAB020626-ara1.completed.ms082	0845Maqrizi.KhabarCanBashar.MMS00013-ara1.ms2426	213	ا--ت -يربعام بن يو-ا---ش مل--ك اسراءيل و--ول--ي- ---م-ك-انه ا-بنه زكريا -وك---انت -ول-------ايته ستة اشهر وكان علي مثل ما مضي عليه اباءه من الضلال والكفر فثار عليه رجل يقال له شلوم بن يابوش فقتله وولي الملك مكانه سنة ثم ثار عليه مناجيم بن عادي من موضع يسمي ترصاة من قسمة فقتله وولي الملك مكانه في السنة التاسعة والثلاثين من ملك عوزيا بن امشيا امير يهوذا وكانت سيرته قبيحة لم يقصر عن مثل فعل يربعام بن نباظ الذي ضلل بني اسراءيل وكانت ولايته سنتين ثم مات مناجيم ملك اسراءيل وولي الملك بعده فجيا ابنه في السنة الاربعين من دولة عوزيا امير يهوذا وكانت سيرته قبيحة مثل سيرة يربعام الذي ضلل بني اسراءيل ثم قتله عامل من عماله يدعي فقحيا بن رمليا وولي الملك مكانه في السنة الثانية والخمسين من ولاية عوزيا ---ام	احدي واربعين سنة ومات في السنة الثانية والثلاثين من ملك عوزيا بن- امشيا ملك يهوذا قولي بعده ابنه ستة اشهر وكان علي مثل ما مضي عليه اباءه من الكفر بالله فثار عليه ابن ياموش فقتله وولي الملك عودته سنة واحدة صار عليه ايصار بن عادي -------------------------------------------فقتله وولي الملك مكانه في السنة التاسعة والثلاثين ملك غوريا بن امشيا ملك يهوذا وكانت سيرته كمثل سير من مضي تم مات وولي بعده ابنه في السنة الاربعين من ملك غوريا فسار كسيرة اسلافه فغزاه ملك سوريا فصالحه علي الف وزنة فضة ووضع علي بني اسراءيل خراجا وجني من كل واحد خمسين مثقال فضة ثم قتله بن زمليا احد عماله ---------------------------------------------------------------وولي الملك مكانه في السنة الثانية والخمسين من مل--ك غوزيا فاقام	82	2426	0	-8929812338078200431	7850229827977008693	166	701	30.385164260864258	26	0375AnonymousTranslator.TarikhCalamUrusiyus.MAB020626-ara1.completed	0845Maqrizi.KhabarCanBashar.MMS00013-ara1
970	11	1621	660	-4029061759496275370	3485423447167391186	0375AnonymousTranslator.TarikhCalamUrusiyus.MAB020626-ara1.completed.ms131	0845Maqrizi.KhabarCanBashar.MMS00013-ara1.ms2224	623	-ف-انه- -درس---هم----- واستاصلهم وخرب مدنهم وقراهم ودرس ساءرهم من قباءل الروم الغريقيين وجعلهم سبيا مبيعا وجعل ساءر كور بلد طشالية وبلد اقايية يءدي اليه الخراج ثم غلب بعد ذلك علي اهل اليوقة وطراكية ثم قتل جميع اختانه واكثر اقاربه في وقت تعبءته لمحاربة الفرس وكان جميع عسكره فيما حكي اثنين وثلاثين الف فارس وستين الف راجل وكانت مراكبه خمسماءة مركب وثمانين مركبا فلقد كان في امره اعجوبة اذ كان يقدم نفسه في مثل هذه القلة علي تحريك كبار ملوك الدنيا فضلا عن غلبته وكان في عسكر داري ملك الفرس في اول ملاق---ا-ته ستماءة الف مقاتل فغلبه الاسكندر بشدة صبر المجذونيين واستبسالهم للموت الي ما كانوا فيه من شدة عزمه وسعة حيلته فلم يزل الاسكندر في تلك الوقيعة يصابر الفرس باصحابه	كف عنهم ودرس الطمانيين واستاصلهم وخرب مدنهم وقراهم ودرس ساءرهم من قباءل الروم الغريقيين وجعلهم سيبا مبيعا وجعل ساءر كور بلد طشاليه وبلد اقاييه يءدي اليه الخراج ثم غل--ب-- ----علي اهل اليوقة وطراكيه ثم قتل جميع اختانه واكثر اقاربه في وقت تعبءته لمحاربة الفرس وكان جميع عسكره--------- اثنين وثلاثين الف فارس وستين الف راجل وكانت مراكبه خمسماءة مركب وثمانين مركبا فلقد كان في امره اعجوبة اذ كان يقدم نفسه في مثل هذه القلة علي تحريك كبار ملوك الدنيا فضلا عن غلبته وكان في عسكر دارا ملك الفرس في اول ملاقته اياه ستماءة الف مقاتل فغلبه الاسكندر بشدة صبر المجدونيين واستبسالهم للموت الي ما كانوا فيه من شدة عزمه وسعة حيل-ه فلم يزل الاسكندر في تلك الوقيعة يصابر الفرس باصحابه	131	2224	0	7801281652361754306	-8590318606109367524	508	667	93.4032974243164	105	0375AnonymousTranslator.TarikhCalamUrusiyus.MAB020626-ara1.completed	0845Maqrizi.KhabarCanBashar.MMS00013-ara1
84	37	833	948	-4029061759496275370	3485423447167391186	0375AnonymousTranslator.TarikhCalamUrusiyus.MAB020626-ara1.completed.ms069	0845Maqrizi.KhabarCanBashar.MMS00013-ara1.ms2781	346	-د- بكاء ا-عادتها ا-ذ هي مد--و--ن----ة في ديو---ا-ن --اخبار الانبياء- ومن احصاء- -------رجا--ل ---ب--ني- ا-----سرا---ءيل -----ا-جمع--ين ---واجري- ---ذلك علي -ي--------دي ----ي-وا-ب بن- -شر-بيا صا-حب --والتطو-ف عليهم تسعة اشهر وعشرين يوما -و-الفي ---في بني اسراءيل سوي سبط يهوذا ثماني-ماءة الف رجل ممن يقوي علي حمل السلاح والفي في خمسماءة الف ولذلك بعث الله اليه غاث بن عادوا النبي في واعلمه ان لا بد من احداهن كفارة لذنبه وهي اما جوع سبع عن اعداءه ثلاثة اشهر واما طاعون ثلاثة ايام فقال داءد النبي يدي الله وادبه خير من الوقوع بايدي الاعداء وقتلهم فاختار الطاعون فمات من بني اسراءيل ----من -وقت ا--لصب--ح ال-ي ---ب---عض النها--ر سبعون ----ا------لفا--- و-ظهر --لد-اءد -ا-لنبي مل-ك يطعن الناس ف---------ر--غب الي الله-- -وقال ال-ذنب --لي -وقبلي يا-- -رب فاقتل-ن-ي واهلي -واعف عن-- -خلقك --وا-ذ ----ذلك -ا-مره --غاث ال----نبي- --ان يقيم --مذب----حا- ----ويقدس ----ال--له -عل-يه قربا-نا- -ففعل وانقطع عن- -بن-ي --ا---سراءيل وتوفي داءد ببيت ا-لمقدس -بعد --س-	يده فكان اذ ازاها اضطربت يده وكان يقال ان دموع داود تعدل دموع الخلاءق ومن -حينءذ استخفوا بامره ووثب عليه ابنه ودعا لنفسه فكثر اتباعه من اهل الزيغ فحاربه حتي قيل كما تقدم واحصي داود بني اسراءيل واقام في التطواف عليهم تسعة اشهر وعشرين يوما فوجد في قباءل بني اسراءيل سوي سبط يهوذا ثماني ماءة الف رجل ممن يقوي علي حمل السلاح ووجد في سبط يهوذا خاصة خمسماءة الف فعاتبه الله تعالي علي ذلك وخيره بين احدي ذواهي ثلاث كفارة لما فعل اما جوع يحل ببني اسراءيل واما اعداءه ثلاثة اشهر واما طاعون يقع فيهم ثلاثة اشهر ويوم -----------------------------------------فاختار الطاعون فمات من بني اسراءيل في بعض يوم واحد سبعون الفا فرغب داود الي الله تعالي حتي ارتفع الطاعون ويقال ان دعاءه كان علي الصخرة من القدس فعند ذلك شرع في اخذ الاهبة لبناء المسجد وكان في زمن داود عدة من الانبياء وفي ايامه بنيت مدينة قرطاجة افريقيا وابتدا سلطان اليونانيين وروي شعبة عن ابي اسحاق عن بشر بن حزن النصري قال افتخر اصحاب الابل والغنم عند النبي فقال رسول الله بعث داود وهو راعي غنم وبعث موسي	69	2781	0	2145714563177103177	3161016607712019623	241	953	36.306400299072266	24	0375AnonymousTranslator.TarikhCalamUrusiyus.MAB020626-ara1.completed	0845Maqrizi.KhabarCanBashar.MMS00013-ara1
1	1245	129	1393	-4029061759496275370	3485423447167391186	0375AnonymousTranslator.TarikhCalamUrusiyus.MAB020626-ara1.completed.ms148	0845Maqrizi.KhabarCanBashar.MMS00013-ara1.ms2469	94	السبعين -مترجم--ا--- من عل-----م-اء --الي-ه--و--د الذين ترجموا كتب ال-تو--راة والا-نبياء من اللسان العبراني الي اللسان الرومي اليوناني واللطيني وكان- في	ال-ب-يت وجاءهم بانية من الذهب امرهم بتعليقها وجمع سبعين --من احبار اليهود ترجموا التوراة من اللسان العبراني الي اللسان الرومي اليوناني واللطيني وكانت في	148	2469	0	8766605501415737855	-7351045219520045223	77	152	61.842105865478516	10	0375AnonymousTranslator.TarikhCalamUrusiyus.MAB020626-ara1.completed	0845Maqrizi.KhabarCanBashar.MMS00013-ara1
786	1	1416	614	-4029061759496275370	3485423447167391186	0375AnonymousTranslator.TarikhCalamUrusiyus.MAB020626-ara1.completed.ms071	0845Maqrizi.KhabarCanBashar.MMS00013-ara1.ms2796	288	-ه- يربعام بن نباظ من سبط افرايم بن يوسف وكان ---ولاه عمل بني يوسف ثم انه استوجب عنده حكما فلما اراد سليمان الانتقام منه هرب عنه الي مصر فلم يزل بمصر هاربا حتي توفي سليمان فلما توفي رجع الي ارض بني اسراءيل فصار اميرا علي العشرة اسباط من بني اسراءيل التي خرجت عن رجيعام بن سليمان الذي ولي الملك بعد ابيه فولي رجيعام الملك علي بني اسراءيل بعد ابيه مدة سبع عشرة سنة وكان يوم ولي الملك ابن احدي واربعين سنة وكانت امه نعما بنت نا-ش ملك بني عمون -يربعام بن- -سليمان بن داءد ولي--- --سبع --عشرة سنة فصارت سنو الدنيا- ال--ي-- -اخر --زم-ان رجيعام ---ارب-----عة الاف وماءتين ----و-ا------حدي -وعشري---ن -سن-ة --ولي- --الملك وهو ا------ب--ن -ا-حدي و----ا-ر-----بع-ين سنة --وهو- الذي تفرق ت ب نو--- ا-سر--اءيل علي يديه وخرجت -عن	وهو يزيعام بن نياط من سبط افرايم بن يوسف وكان قد ولاه عمل بني يوسف تم انه استوجب عنده حكما فلما اراد سليمان الانتقام منه هرب عنه الي مصر فلم يزل هاربا حتي نوفي سليمان فلما نوفي رجع الي ارض بني اسراءيل ونوفي سليمان وله اثنتان وخمسون سنة من العمر فاقام من بعده ابنه رحبيعم وله من العمر ------------------------------------------------------------------------------------------------------احدي واربعين سنة وكانت امه نعما بنت نانس ملك بني عمون فاقترفت بنو اسراءيل بعد موت سليمان وتابع العشرة اسباط ير-يعام بن نياط ولم يبق مع رحبيعم بن سليمان سوي سبط يهوذا وسبط بنيامين فقط وصار ملك بني اسراءيل من حينءذ فرقتين هما ملك يهوذا مع رحبيعم بالقدس وملك اسراءيل مع يريعام بشمرون التي هي نابلس ووفعت الحروب بين الفريقين انتهي وعن	71	2796	0	4482101899831416231	766640808950276145	211	716	40.22346496582031	35	0375AnonymousTranslator.TarikhCalamUrusiyus.MAB020626-ara1.completed	0845Maqrizi.KhabarCanBashar.MMS00013-ara1
1	190	1164	1556	-4029061759496275370	3485423447167391186	0375AnonymousTranslator.TarikhCalamUrusiyus.MAB020626-ara1.completed.ms070	0845Maqrizi.KhabarCanBashar.MMS00013-ara1.ms2794	989	بعده فغلظ امر سليمان بن داءد وقوي سلطان---ه-- البلاد عل----ي- وانقطعت الحروب عن بني اسراءيل--- جميع النواحي وانقاد له جميع -------الذين ---وا-خوته وتاويل اسمه -العبراني- السلم لانه-------------- ------وتزوج ابنة فرعون ملك مصر وابنة ملك عمون وابنة ملك م----و----ا--ب وتجل--ي-- ----------------------------الله ------له في نومه في اول ولايته فقال له سل ما شءت لتعطاه فسال العلم------------- انك سالت العلم ولم تسال طول البقاء ولا المال ولا قتل الاعداء--------------------- ما لم يبلغه احد غيرك وجمعت لك اليه المال والقدرة وفضلتك في---- علي ------مضي قبلك وكان اول حكم حكم به وعجب بنو اسراءيل من حكمته وذلك امر المراتين اللتين ادعتا- عنده في الصبي المولود فدعا بسيف واشار الي الصبي وقسمته بينهما فرضيت بذلك التي لم تكن امه وابت الا----م------------ شفقة علي ابنها فحكم لها سليمان به وظهر بذلك انه كان ولدها وبلغ---------- جميع العلوم مبلغا تقدم فيه اهل المشارق والمغارب وله علي ما يحكيه ديوان الانبياء ثلاثة الاف مثل وفي الكلام الموزون الف قصيدة وخمس قصاءد في طريق التهليل علي مثل ما كان الانبياء يستعملون فيه موزون الكلام في عصرهم ذلك وتكلم في الشجر والنبات والحيوان والهوام وفي انواع العلوم وصنوف الفلسفة بما لم يقدر ---عليه غيره -وان----ه ---ابتدا ببني-ا--ن بيت--- --الله في ال-سنة ا-ل---ر---ا-بع---ة من ولايته واتمه- -في السنة الحادية عشر فكانت- --مد-ة بنيان-ه سبع --سنين -واشهر---ا- و----عمل- ---في بن-يا-ن قصره و-م-وضع مقعده وبنيان قصر ابنة ف----رع---ون -ا-لتي ----كان---ت زوجته ثل-ا--ث عشر--ة -سنة وكان	بعده فغلظ امر سليمان بن داود وقوي سلطانه وهدت البلاد علي يديه وانقطعت الحروب غر بني اسراءيل من جميع النواحي وانقاد له جميع الملوك الذين كانوا حوله ومعني- اسمه بالعبرانية السلم لانه رزق السلم طول حياته وتزوج ابنة فرعون ملك مصر وابنة ملك عمون وابنة ملك مءاب وبني ادوم واهل صيدا واهل حشا وغيرهن كثيرا وتجلي الله تعالي له في نومه--- اول ولايته فقال له سل ما شءت لتعطاه فسال العلم فقال الله له انك سالت العلم ولم تسال طول البقاء ولا المال ولا قتل الاعداء فقد وهبت لك من العلم ما لم يبلغه احد غيرك وجمعت لك اليه المال والقدرة وفضلتك في ذلك علي كل من مضي قبلك وكان اول ----حكم به وعجب بنو اسراءيل من حكم-ه -فيه امر المراتين اللتين ادعتاه عنده في الصبي المولود فدعا بسيف واشار بشق الصبي وقسمته بينهما فرضيت بذلك التي لم تكن امه وابت الام وسمحت به للاخري شفقة علي ابنها فحكم لها سليمان به وظهر بذلك انه كان ابنها وبلغ سليمان في جميع العلوم مبلغا تقدم فيه اهل المشارق والمغارب وحفظ له ------------------------ثلاثة الاف مثل وفي الكلام الموزون الف قصيدة وخمس قصاءد في طريق التهليل علي مثل ما كان الانبياء يستعملون في- موزون الكلام في عصرهم---- وتكلم في الشجر والنبات والحيوان والهوام وفي انواع العلوم وصنوف ال-حكمة بما لم يقدر به عليه غيره فكان جميع بني اسراءيل يهابوه ويتقوة وفاضل اهل اليمن واهل مصر ففاق عليهم في علومهم وحكمهم وفي السنة الرابعة -من ولايته ابتداء في بناء بيت المقدس في شهر ايار وكانت تلك السنة سنة اربعماءة وثمانين لنبوة موسي فاقام يبني فيه سبع سنين واشهرا وفرع منه في السنة الحادية عشر من ملكه فكان	70	2794	0	-7496962116721826030	2748744966423131791	781	1407	70.29139709472656	146	0375AnonymousTranslator.TarikhCalamUrusiyus.MAB020626-ara1.completed	0845Maqrizi.KhabarCanBashar.MMS00013-ara1
0	681	988	1610	-4029061759496275370	3485423447167391186	0375AnonymousTranslator.TarikhCalamUrusiyus.MAB020626-ara1.completed.ms132	0845Maqrizi.KhabarCanBashar.MMS00013-ara1.ms2224	819	-- ذلك علي الفرس وقيعة شنعاء ونكبة دهياء قتل فيها منهم عدد لا يحصي ولم يقتل من عسكر الاسكندر الا ماءة وعشرين فارسا وتسعون راجلا ثم مضي الاسكندر الي المدينة التي كانت تدعي يومءذ غوذيانه وهي تدعي اليوم شرذش فحاصرها حتي افتتحها وغلب عليها فهدمها وانتهب ما فيها فبين-ا-ه- في ذلك بلغه ان داري ملك الفرس قد عبا واقبل نحوه بجمع عظيم فخاف ان يلحقه في ضيق الجبال التي كان فيها فقطع من يومه نحوا من ماءة ميل واجاز جبل طوره في سرعة عجيبة ومضي حتي بلغ مدينة طرسوس وكاد يهلك في النهر الذي يدعي جثيم اذ افرط عليه برد النهر حتي انقبض عصبه ووقفه علي الهلاك ثم ان داري ملك الفرس لاقاه بابية في ثلاثماءة الف راجل وماءة الف فارس واقبل داري يومءذ في كثرة كان يفزع لها الاسكندر فضلا عن غيره لكثرة من كان معه وقلة من كان مع الاسكندر اذ قربوا اليهم فلما التقي الجمعان وتواقفا واستحر القتال بينهما وباشر القواد الحرب بانفسهم وتنازل الابطال واختلف الطعن والضرب وضاق الفضاء باهله باشر كلا الملكين الحرب بانفسهما داري والاسكندر ------وكان الاسكندر اكمل اهل زمانه فروس-ة واشجعهم واقواهم جسما- فباشر-ها حتي جرحا جميعا وتمادت الحرب	اذ ذاك علي الفرس وقيعة شنعاء ونكبة دهياء قتل فيها منهم عدد لا يحصي ولم يقتل من عسكر الاسكندر الا ماءة وعشرون فارسا وتسعون راجلا تم مضي الاسكندر الي المدينة التي كانت تدعي يومءذ عوديانه وهي اليوم تدعي شرذش فخاصرها حتي افتتحها وغلب عليها فهدمها وانتهب ما فيها قبينما هو في ذلك بلغه ان دارا ملك الفرس قد عبا واقبل نحوه بجمع عظيم فخاف ان يلحقه في ضيق الجبال فقطع في --------------يومه نحوا من ماءة ميل واجاز جبل طوره في سرعة عجيبة ومضي حتي بلغ مدينة طرسوس وكاد يهلك في النهر الذي يدعي جثيم اذا فرط عليه برد النهر حتي انقبض عصبه ووقف علي الهلاك ثم ان دارا لاقاه بايية -----------في ثلاثماءة الف راجل وماءة الف فارس واقبل -----------في كثرة كان يفزع لها الاسكندر فضلا عن غيره لكثرة من كان معه وقلة من كان مع الاسكندر فلما التقي الجمعان واستخر القتال باشر -------------------------------القواد الحرب بانفسهم وتنازل الابطال واختلف الطعن والضرب وضاق الفضاء باهله باشر كلا الملكين الحرب بانفسهم---ا-- -الاسكندر ودارا وكان الاسكندر اجمل اهل زمانه فروسية واشجعهم واقواهم جسماء فباشراها حتي جرحا جميعا وتمادت الحرب	132	2224	0	7002854641275350999	-8590318606109367524	662	1002	81.73652648925781	139	0375AnonymousTranslator.TarikhCalamUrusiyus.MAB020626-ara1.completed	0845Maqrizi.KhabarCanBashar.MMS00013-ara1
216	1	1585	1394	-4029061759496275370	3485423447167391186	0375AnonymousTranslator.TarikhCalamUrusiyus.MAB020626-ara1.completed.ms101	0845Maqrizi.KhabarCanBashar.MMS00013-ara1.ms2217	1305	يحصي كثرة فلما كان اليوم الرابع نظر ليونيه امير اللجدمونيين فاذا جيوش شخشار قد انتشرت حتي ---------------------ك--ل-ها----- من كل جانب فاشار ليونيه علي كل من اقبل لعونه من------------ بالارتفاع الي اعلي الجبل وقال لهم ابقوا---- انفسكم لوقت احسن من هذا الوقت ثم قال لاصحابه اللجدمونيين بعد ارتفاع اصحابهم المعينين لهم الي اعلي الجبل ان الذي نرجوه من اختيار الشرف والفخر في الموت عن المدافعة عن بلدنا اكثر اضعافا من الذي نرجوه في الحياة بل الفخر كله لنا في الموت لا في الحياة ثم قال لهم لا تنتظر العساكر التي تغشينا ولا نتربص الاوقات التي تمكننا لكن اهج--م بنا في عساكرهم ظلاما وحرك بنا السلاح عليهم ليلا فليس الفخر في الغلبة باعظم منه في الموت بين اخبية الاعداء فحماهم قول رءيسهم وقالوا الموت احب الينا علي حميتنا من الحياة ثم يسروا انفسهم للقتال والنقمة من اعداءهم واذ ذلك قال لهم اميرهم ليونيه تغذوا كانكم علي يقين من العشاة لدي جهنم فكان من اعجب امرهم انهم لما هجموا في نحو من ستماءة الف رجل وهم في ستة الاف رجل ثار الصراخ في جميع تلك العساكر وتزلزلت من عند اخرها وصار الفرس معينين لهم في قتل بعضهم بعضا لظلمة الليل وروعة الفجاة فمضوا قاتلين لكل من عرض لهم صار-عين لكل من تصدي لهم طالبين لملك الفرس غير واقعين عليه حتي بسطوا الارض من الاجساد واحتووا الظفر وفازوا بالسبق لولا انهم اختاروا الموت علي البقاء وكرهوا ان يكون اخر امرهم غير الموت بين قتلي اعداءهم وكانوا قد ابتدءوا القتال من اول الليل فمضوا فيه ظاهرين الي ---استعلي ال-ضحي حتي سقط كل واحد منهم حيث عجز بدنه ونفذت قوته فماتوا كلالا وانتهازا بين قتلي اعداءهم في	يحصي كثرة فلما كان اليوم الرابع نظر ليونيه اسيرا للجذمونيين فاذا جيوش شخشار قد انتشرت حتي اشرفت علي الاحاطة بتلك الجبال كله من كل جانب فاشار ليونيه علي كل من اقبل لعونه من قباءل الروم بالارتفاع الي اعلي الجبل وقال لهم ابقوا علي انفسكم لوقت احسن من هذا الوقت ثم قال لاصحابه بعد ارتفاع --------------------المعينين لهم الي اعلي الجبل ان الذي نرجوه من اختيار الشرف والفخر في الموت عن المدافعة عن بلدنا اكثر اضعافا من الذي نرجوه في الحياة بل الفخر كله ----في الموت لا في الحياة ثم قا--ل-- لا ينتظر العساكر التي تغشانا ولا تتربص الاوقات التي تمكننا لكر ارجحهم بنا في عساكرهم ظلاما وحرك بنا السلاح عليهم لءلا فليس الفخر في الغلية باعظم منه في الموت بين احبية الاعداء فحماقم قول رءيسهم وقالوا الموت احب الينا علي حميتنا من الحياة ثم يسروا انفسهم للقتال والنقمة من اعداءهم واذ ذاك قال لهم اميرهم ليونية بعدوا كانكم علي يقين عن العشاة لذي جهنم فكان من اعجب امرهم انهم لما هجموا في نحو من ستماءة الف رجل وهم في ستة الاف رجل ثار الصراخ في جميع تلك العساكر وتزلزلت من عند اخرها وصار الفرس معينين لهم في قتل بعضهم بعضا لظلمة الليل ورزعة الفجاة فمضوا قاتلين لكل من عرض لهم صار عين لكل من تصدي لهم طالبين لملك الفرس غير واقعين عليه حتي بسطوا الارض من الاجساد واحتووا الظفر وفازوا بالسبق لولا انهم اختاروا الموت علي البقاء وكرهوا ان يكون اخر امرهم غير الموت بين قتلي اعداءهم وكانوا قد ابتدووا القتال من اول الليل فمضوا فيه ظاهرين الي ان استعلي الاضحي حتي سقط كل واحد منهم حيث عجز بدنه ونفذت قوته فماتوا كلالا وانتهازا بين قتال اعداءهم في	101	2217	0	-1858083772470258131	2181067722233762356	1052	1421	91.83673095703125	229	0375AnonymousTranslator.TarikhCalamUrusiyus.MAB020626-ara1.completed	0845Maqrizi.KhabarCanBashar.MMS00013-ara1
1	1452	186	1637	-4029061759496275370	3485423447167391186	0375AnonymousTranslator.TarikhCalamUrusiyus.MAB020626-ara1.completed.ms103	0845Maqrizi.KhabarCanBashar.MMS00013-ara1.ms2218	176	خلاصه وخلاص اصحابه الذين كانوا معه وبقوا بعد خروجهم من ذلك البحر في الرجلة والجوع والعري وواقعتهم العلل والوباء حتي امتلات من اجسادهم الطرق والخنادق وحتي ضريت ال-طير والسباع اكل امواتهم	خلاصه وخلاص اصحابه الذين كانوا معه وبقوا بعد خروجهم من ذلك البحر في الرجلة والجوع والعري وواقعتهم العلل والوباء حتي امثلاث من اجسادهم الطرق والخنادق وحتي ضريت السباع وال-طير اكل امواتهم	103	2218	0	-6489505007248489225	1051844473708612211	145	186	94.6236572265625	28	0375AnonymousTranslator.TarikhCalamUrusiyus.MAB020626-ara1.completed	0845Maqrizi.KhabarCanBashar.MMS00013-ara1
1109	730	1583	1282	-4029061759496275370	3485423447167391186	0375AnonymousTranslator.TarikhCalamUrusiyus.MAB020626-ara1.completed.ms095	0845Maqrizi.KhabarCanBashar.MMS00013-ara1.ms0335	257	ا--ن بنيان مدينة رومة ع------ل--ي -ما قاله هرو-شيش قبل هذا----- -الزم-ان بق-ليل -في زمان حزقيا ملك يهوذا ال-----ا -انا- اخرنا- --ذلك الي هذا الموضع- --لتتصل ا-خبار-- -ملوك ----ا--لي-ه---وذ -الباب ال----خامس من-- -ال----جزء -الثاني- نهر الفرات وفيه ماءة باب نحاس وسعة السور في اعلاه ----------------قد بنيت في كلا جانبيه الاعلين مساكن للمقاتلة والحراز متصلة في جميع --------ما بين المساكن البرانية والداخلية فضاء يختلف فيه رخ مقرون باربعة وفي داخله ثمانية فاءتة الارتفاع عجيبة المنظر قال هروشيش تلك مدينة بابيل العظمي والكورة اول مدينة شيدها الادميون بعد الله ا-	اتما بنيانها فجاءت من عجاءب الدهر تكاد الا تكون من عمل الادميين لانهم ال يقدرون علي مثله وكانت مربعة وفي كل تربيع حصنان عجيبان ويحيط بها سور ارتفاعه ماءتا ذراع وعرضه خمسون ذراعا جميعه مبني بالاجر المرصص وقد خندق حوله بخندق يجري فيه نهر الفرات وفيه ماءة باب نحاس وسعة السور في اعلاه كسعتة في اسفله وقد بنيت في كلا جانبيه --------مساكن للمقاتلة والحراس متصلة في جميع دوره وفيما بين المساكن البرانية والداخلية فصار وفي داخله ثمانية قصور غاية في الارتفاع عجيبة المنظر وفي كل جانب من جوانب المدينة سهلة بطحا فيحا ومدينة بابل هذه -اول مدينة شيدها الادميون بعد الطوفان	95	335	0	-255446964826905623	715805290520216800	193	561	45.81105041503906	29	0375AnonymousTranslator.TarikhCalamUrusiyus.MAB020626-ara1.completed	0845Maqrizi.KhabarCanBashar.MMS00013-ara1
173	1	1636	1451	-4029061759496275370	3485423447167391186	0375AnonymousTranslator.TarikhCalamUrusiyus.MAB020626-ara1.completed.ms102	0845Maqrizi.KhabarCanBashar.MMS00013-ara1.ms2218	1328	اليونانيين الذين قد كانوا استغاثوا بالاثنياشيين في الحرب الاولي وكلهم من قباءل الروم الغريقيين بان يبعثوا مراكبهم ويظهروا لشخشار انهم اعوان لهم علي الاثنياشيين ليكون مذهبهم جر الهزيمة عليهم وكانت الامارة بينهم ان يعلقوا الحجارة في مراكبهم لتمتاز بذلك من غيرها ثم ان شخشار الملك حبس بعض المراكب مع نفسه في الريف وامر ساءرها بانشاب الحرب مع الاثنياشيين وكانت مع شخشار المراة التي تدعي ارتبندورة ملكة الفرناشيين وهم من الروم الغريقيين كانت قد اقبلت معه معينة لشخشار وكانت في اول القواد الذ-----------------------ي-----------ن -----------------------------------------------اليونانيون الهزيمة علي الفرس علي ما كان وافقهم طمشتقلان فقامت الهزيمة علي الفرس وغرق كثير من مراكبهم واصيبت كثرة من جيوشه وكثير من اصحاب شخشا---ر------ البحر ولما نزلت الهزيمة عليهم خافوا الرجوع اليه لما كانوا يعرفونه من شدته وشراسته فانصرفوا الي بلادهم فلما نزلت هذه النكبة علي شخشار الملك اشار عليه قاءد له يدعي مرداق بالانصراف الي دار ملكه قبل ان ينتهي الي اهل مملكته ما نزل به من النكوب فيفسد بذلك حالهم وقال له اعطني بعض هذه العساكر فابق- علي محاربة هذا العدو فان كان الظفر لي فقد كفينا امرهم وانقطع عنا عارهم وان كان الظفر لهم كان اسهل في السما-ع اذ لم تحضر ذلك بنفسك فاستحسن شخشار الملك رايه وبرء اليه ببعض العساكر وانصرف بالبعض راجعا يريد الجواز علي جسر كان عمله في بعض ذلك البحر اذ كان عند نفسه غالبا مقتدرا فلما دخل-ه هاجت عليه اهوال الشتاء وانخرق الجسر وسقط شخشار الملك في البحر حتي وجده صياد فخلصه في مركب ل---ه- عريان فكانت في امره عبرة لمن اعتبر ووعظ- لمن اتعظ وتاديب لمن اغتر بنعيم الدنيا ووثق بعزها بينا-ه يملك ذلك------ وقد غطاه بكثرة مراكبه صار مملوكا لادني صياد فيه فكان هذا سبيل	اليونان-ين الذين قد كانوا استعانوا بالاثنياشيين في الحرب الاولي -------------------------------بان يبعثوا مراكبهم ويظهروا لشخشار انهم اعوان لهم علي الاثنياشيين ليكون مذهبهم جر الهزيمة عليهم وكانت الامارة بينهم ان يعلقوا الحجارة في مراكبهم لتمتاز بذلك عن غيرها تم ان شخشار------ حبس بعض المراكب مع نفسه في الريف وامر ساءرها بانشاب الحرب مع الاثنياشيين وكانت مع شخشار المراة التي تدعي ازتيندورة ملكة الفرناشيين وهم من الروم الغريقيين كانت ---اقبلت معه مع-بد ل----ه وكانت في اول القواد الذين انشبوا الحرب وكانت في ذلك اكثر من الرجال ولها اخبار موصوفة فلما استخر القتال جرز اليونانيون ---------------------------------------------------الهزيمة علي الفرس وغرق كثير من مراكبهم واصيبت كثرة من جيوشه وكثير من اصحاب شخشار غرفوا في البحر ولما نزلت الهزيمة عليهم خافوا الرجوع اليه لما كانوا يعرفونه من شدته وشراسته فانصرفوا الي بلادهم فلما نزلت هذه النكبة علي شخشار ------اشار عليه قاءد له يدعي مزداق بالانصراف الي دار ملكه قبل ان ينتهي الي اهل مملكته ما نزل به من النكوب فيفسد بذلك حالهم وقال له اعطني بعض هذه العساكر فابقي علي محاربة هذا العدو فان كان الظفر لي فقد كفينا امرهم وانقطع عنا غارهم وان كان الظفر لهم كان اسهل في السماءع اذ لم تحضر ذلك -نفسك فاستحسن شخشار ------رايه وبري اليه ببعض العساكر وانصرف بالبعض راجعا يريد الجواز علي جسر كان عمله في بعض ذلك البحر اذ كان عند نفسه غالبا مقتدرا فلما دخلته هاجت عليه اهوال الشتاء وانخرق الجسر وسقط شخشار------ في البحر حتي وجده صياد فخلصه في مركب له وهو غريان فكانت في امره غبرة لمن اعتبر -وعظة لمن اتعظ وتاديب لمن اغتر بنع-م الدنيا ووثق بعزها بينا هو ملك ذلك البحر وقد غطاه بكثرة مراكبه صار مملوكا لاذني صياد فيه فكان هذا سبيل	102	2218	0	-2969653958194589968	1051844473708612211	1081	1568	84.69387817382812	223	0375AnonymousTranslator.TarikhCalamUrusiyus.MAB020626-ara1.completed	0845Maqrizi.KhabarCanBashar.MMS00013-ara1
1	92	1703	1460	-4029061759496275370	3485423447167391186	0375AnonymousTranslator.TarikhCalamUrusiyus.MAB020626-ara1.completed.ms100	0845Maqrizi.KhabarCanBashar.MMS00013-ara1.ms2216	1139	فاستعملوا الرجاء مستبسلين للقضاء فخرجوا من مدينتهم في عشرة الاف فارس واجتمع اليهم من ارباضها الف فرجعوا وغرروا فقطعوا فحوص مرطونية وكان رءيسهم يدعي داشي بن اجلي وكان اوثق بشجاعته وسرعته منه بقوته واقبل اليهم اللجدمونيون في عشرين الفا بين فارس وراجل وعليهم شانيه بن بربيليه اللجدموني ثم الاشبرتني فصدموا عساكر الفرس باسرع من رشق السهم فكانت حال ال----ف---ءة الواحدة ----------في- --ناح----ي-----تها كالغن----م---- للذبح --------ف--------ي ---ناحية كالجزارين الناظرين في الجزر فقتل من الفرس في فحوص مرطونية ماءتا الف حتي وصل الوهن الي داري فانهزم وركب--- المراكب وخلف الي ارض الفرس فبيناه معاودة الحرب ويعبء لطلب الثار هلك وولي بعده ولده شخشار عشرين سنة وذلك بعد بنيان رومة الي ماءتين وخمس وسبعين سنة وفي ذلك الزمان رجمت برومة بوبيلية العذراء لزناء ثبت عليها الباب السابع من الجزء الثاني شخشار ولي عشرين سنة فصارت سنو الدنيا الي اخر زمان شحشار بن داري اربعة الاف وسبعماءة واثنتين وعشرين سنة وفي زمانه كان اشيلوش وبلتاروش وشفقلاءس الفلاسفة باثنيا الذين نسبت اليهم اشعار المراثي وفي زمانه كان اروذيش واضع القصص فمضي شخشار علي مذهب ابيه في محاربة الروم الغريقيين لحربهم مدة خمس سنين وكان عنده نازع منهم يدعي لجدمون فكتب بخبره الي قومه يحذرهم منه في الواح عليها قير ليغيب ما فيها فاجتمع لشخشار ملك الفرس فيما حكي عنه من اهل مملكته سبعماءة الف مقاتل وممن استعان بهم من غير طاعته ثلاثماءة الف وانشء له من المراكب المقاتلة الف وماءتا مركب ومن المراكب الحمالة ثلاثة الاف مركب فكان معه من العساكر والمراكب في كثرة تعجز عن سقيهم الانهار وتضيق عنهم البحار والبلدان وكان في ايامه امير اللجدمونيين وهم من الروم الغريقيين رجل اسمه ليونيه وهو احد الفلاسفة المشهورين واخ لشانيه الرءيس قبله فعرض لشخشار باربعين الف مقاتل في مضيق مدخل جبال ارمانية فلما نظر اليهم شخشار احتقرهم استقلالا عند كثرة من معه فامرهم بمناشبتهم الحرب علي ضيق الموضع وامتناعه وسارعت اليهم الفرس -----لمن قتل منهم --	فاستعملوا الرجال مستبسلين للقضاء فخرجوا من مدينتهم في عشرة الاف فارس واجتمع اليهم من ارباضها الف فزحفوا وغرروا وقطعوا فحوص مرطونيه وكان رءيسهم يدعي ذاشي بن اجلي وكان اوثق بشجاعته وسرعته منه بقوته واقبل اليهم اللجذمونيون في عشرين الفا بين فارس وراجل وعليهم شانيه ابن يبليه اللجذموني --------------فصدموا عساكر الفرس باسرع من رشق السهم فكانت حال الحرب في تلك المعركة ان صارت الفية الواحدة في ناحيتها كالعنم الموقفة للذبح وصارت الفية الاخري في ناحية كالجزازين الناظرين في الجزر فقتل من الفرس في فحوص مرطونية ماتتا الف حتي وصل الوهن الي دارا فانهزم وركب في المراكب وخلف الي ارض الفرس فبينا يروم معاودة الحرب ويعني لطلب الشار هلك وولي بعده ولده دارا بن دارا عشرين سنة --------------------------------------------------------------------------------------------------------------------------------------------------------------------------------------------------------------------------------------------------------------------------------------------------------------------------------------------------------فمضي شخشار علي مذهب ابيه في محاربة الروم -----فعبا لحربهم مدة خمس سنين وكان عنده نازع منهم يدعي بحذمون فكتب بخبره الي قومه يخذرهم منه في الواح عليها قير ليغيب ما فيها فاجتمع لشخشار ملك الفرس فيما حكي عنه من اهل مملكته سبعماءة الف مقاتل وممن استعان بهم ثلاثماءة الف وانشا له من المراكب لمقاتلة --------------الف وماءتا مركب ومن المراكب الحمالة ثلاثة الاف مركب وكان معه من العساكر والمراكب في كثرة تعجز عن سقيهم الانهار وتضيق عنهم البحار والبلدان وكان في ايامه امير اللجذمونيين وهم من الروم الغريقيين رجل اسمه ليونيه وهو احد الفلاسفة المشهورين -----------------------فعرض لشخشار باربعين الف مقاتل في مضيق مدخل جبال ارمانيه فلما نظر اليهم شخشار احتقرهم استقلالا عند كثرة من معه فامرهم بمناوشتهم الحرب علي ضيق الموضع وامتناعه وسارعت اليهم الفرس حمية لمن قتل منهم في	100	2216	0	3391924161697489456	5726768725156896641	929	1768	64.42308044433594	181	0375AnonymousTranslator.TarikhCalamUrusiyus.MAB020626-ara1.completed	0845Maqrizi.KhabarCanBashar.MMS00013-ara1
64	77	817	891	-4029061759496275370	3485423447167391186	0375AnonymousTranslator.TarikhCalamUrusiyus.MAB020626-ara1.completed.ms075	0845Maqrizi.KhabarCanBashar.MMS00013-ara1.ms2424	457	علي ---يدي-ه --تم م--ا كان -ا----و-عده ال--له --به علي يدي اجيا النبي و-لم- تزل --الحر-ب- --ق----اءمة -بين اشا -امير سبط يهوذا --وبين باشا امي---ر اسراءيل --------م--دة ---ايامهما وكا-نت-- مدة --باشا -ا-م-ير بني ا-سر----ا--ءي-------ل- ------ارب--عا -وعشرين سنة ------وكانت سيرته قبيحة علي مثل سير- يربعام بن نباظ فبعث الله اليه ياهو ---------النبي فقال له عن الله كلاما -هو ذا- --لاجل ما شرفتك فلم تشكر ومضيت علي مثل سيرة يربعام سانزل علي بيتك مثل ما انزلت علي بيت يربعام فيكون من مات منهم في البادية تاكله الطير ومن مات منهم خارج المدينة اكلته الكلاب فلما اعلمه ياهو بذلك قتله باشا ثم ان باشا مات وذلك في السنة السادسة والعشرين من ولاية اشا ملك يهوذا وولي في مكانه ابنه اليهو سنتين وهو الذي ثار عليه خادم له يسمي زمري بن الياب من سبط غاث فقتله واستولي علي سلطانه وقتل جميع اهل بيته وجميع اخوته ولم يدع منهم صغيرا ولا كبيرا فاقام زمري واليا- مكا---ن- ا--ليهو علي	علي مثل سيرة ابيه من الكفر بالله وركوب الماثم فثار عليه بن اجيا -بن رموب من سبط يساحار بن يعقوب وقتله عليه وهو يخاصر بعض مداءن فلسطين وملك علي بني اسراءيل مكانه فلم يدع لنداب ولدا الا قتله حتي افناهم باجمعهم كما انذر به النبي اجيا ولم يزل يحارب اشا بن ابيه ملك يهوذا وكانت سيرته قبيحة علي مثل سيرة يربعام --------فبعث الله اليه ياهو بن حيابي النبي ف-بل-غه عن الله تعالي انه قال ب لاجل ما شرفتك فلم تسكر ومضيت علي مثل سيرة يربعام سانز---ل- ب--ك مثل ما انزلت علي بيت يربعام فيكون من مات منهم في البادية ياكله الطير ومن مات منهم خارج المدينة اكلته الكلاب فقتل ياهو ثم مات وقد ملك اربعا وعشرين سنة في السنة السادسة والعشرين من ملك اشا ملك يهوذا وولي مكانه مدة سنتين وثار عليه خادم له اسمه زمري بن الباب من سبط عات -----------------------------فقتله واستولي علي سلطانه وقتل جميع اهل بيته وجميع اخوته ولم يدع منهم صغيرا ولا كبيرا فاقام سبعة -ا-يام وكان بنو اسراءيل علي	75	2424	0	3946508655235877060	6772167602166968804	342	862	53.01624298095703	61	0375AnonymousTranslator.TarikhCalamUrusiyus.MAB020626-ara1.completed	0845Maqrizi.KhabarCanBashar.MMS00013-ara1
250	890	1027	1584	-4029061759496275370	3485423447167391186	0375AnonymousTranslator.TarikhCalamUrusiyus.MAB020626-ara1.completed.ms131	0845Maqrizi.KhabarCanBashar.MMS00013-ara1.ms2228	298	--ي غل--ب عل--يه ال----اسكندر ولي ست -سني-ن الباب السادس من- الجزء ال--ثال--ث -دا---ري-- ---بن شخشار --مل----ك ال------ف-رس ----ولي ست -سني--ن ف-----صا--ر-----ت سنو ---ال--دنيا ال-ي- -ا--خر زمانه --ا-ربعة الا--ف وثمانيماءة --وس-بعا --وخمسين --سن-ة -و-في اول دولته غلب ا-لاسكندر-- --علي --ب----لد ا-ليريقو وطواجيش وغلب علي مدينة ---يروشالم- -وهي بيت المقدس و-د-----خل البيت -و-ا--هدي- -----ف---يه-- --ا---لله قربانا ---قال- ه-روشيوش ولي الاسكندر الملك بعد- ابيه ---------فل--بش وذلك بعد بنيان مدينة رومة باربعماءة وست واربعين سنة فكان اول شء اظهر فيه قوته وعزمه في بلد الروم الغريقيين وذلك ان خطيبا لهم يدعي دمشطيش بن الاثنياشي كان قد اخرجهم عن طاعة المجذونيين الي طاعة الفرس لما كان من ارغاب ملك الفرس اياه بالصلات والعطايا فاما الاثنياشيون من الغريقيين فانهم لما فهموا عزمه وقوته استعفوه واستغاثوا الاسكندر ورغبوا في طاعته وضرعوا اليه حتي كف عنهم واما الطمانيون فانه درسهم واستاصلهم وخرب مدنهم وقراهم ودرس ساءرهم ----من قب-ا	علي الرجل الشريف القوي الظافر المجرب يعني نفسه ان -ل-ا يتمني الموت الا بالسيف فجاءه ليلا يعدبه المرض وتحل قوته الاوجاع فعجل الله له ما تمني به في تلك العرس وذلك انه حضر لعبابين الخيل كان بين ولده الاسكندر الاعظم و-بين خاله الاسكندر بن تراوش فبينما هو في ذلك غافصه احد احداث الروم واسمه شربيون بن افليميون بط-عنة فقتله بها ثاءرا بابيه عندما تمكن منه منفردا وقد ذكر في تاريخ روما تفصيل حروب فلبش هذا وماجرياته فتركنا ذكر ذلك هنا فلما قتل فلبش ولي الملك بعده ابنه الاسكندر الاعظم وذلك بعد بنيان مدينة روما باربعماءة وست واربعين سنة فكان اول شء اظهر فيه قوته وعزمه في بلد الروم وذلك ان خطيبا لهم كان قد اخرجهم عن طاعة المجدونيين الي طاعة الفرس فدرسهم -----------------------------------------------------------------------------------------------------------------------------------------------------------------------------------------------------------------------------------واستاصلهم وخرب مدنهم وقراهم ودرس ساءرهم وجعلهم سبيا	131	2228	0	7801281652361754306	-2802672332715778524	212	925	32.216217041015625	25	0375AnonymousTranslator.TarikhCalamUrusiyus.MAB020626-ara1.completed	0845Maqrizi.KhabarCanBashar.MMS00013-ara1
356	647	1210	1546	-4029061759496275370	3485423447167391186	0375AnonymousTranslator.TarikhCalamUrusiyus.MAB020626-ara1.completed.ms033	0845Maqrizi.KhabarCanBashar.MMS00013-ara1.ms2610	701	ا-- الباب ---ا-لسا-----بع --م----ن ا-ل--جزء الاول فيه خبر قوم لوط ----وخبر يوسف ---بن يعقوب---- و-----غيره من ا-لانبي-اء وعدة السنين الي دخول --بني ا-سرا-ءيل في مصر قال هروشيوش ---اما- خبر --قوم --ل--و------------ط فان علماء المجوس اعني الفلاسفة وصفوا في كتبهم ان بلدا كان في افنية----- العرب يدعي في ذلك الزمان بنطابلس سكنه قوم من بني كنعان احرقته نار نزلت عليه من السماء ومن الذين وصفوا ذلك قرناليش الفيلسوف حيث يقول في كلام له معروف ان فحوصا رطبة خصيبة مثمرة فيما يجاور نهر الاردن وكانت بها مداءن مهولة احرقتها صواعق ولقد بقي اثر البلد واثار ثماره الي اليوم فيه كالظاهرة وامسك عن القول بان ذلك كان لذنوب اهلها ثم رجع بعد قليل في كلامه كالناسي لمذهبه في جحود ذلك فقال كما قلت ان هذه المداءن الجليلة احترقت بنار سماوية كذلك اعترف ان مكانها صار غديرا فلم يجد بدا لشهرة الامر في هذه المداءن التي احترقت لذنوب اهلها من ان يصف نفسه عارفا بها ومقرا بخبرها علي كفره وسوء مذهبه قال وانا اصف هذا الامر باشنع مما وصف وابلغ مما حكي	ارض القاع فاذا دخان يرتفع ولما خسف الله قري القاع واقلبها طلع لوط من صاعار فسكن الجبل هو وبنتاه ونزل مغارة فهذا ما في التوراة من خبر وهو معني ما في القران الكري-م -وقال فروشيوش في كتاب وصف الدول والحروب اما خبر لوط فان علماء المجوس بخبر الفلاسفة وصفوا في كتبهم ان بلدا كان في افنية بلاد العرب يدعي في ذلك الزمان بنطابلس سكنه قوم من بني كنعان احرقته نار نزلت عليه من السماء ومن الذين وصفوا ذلك قرنا كبش الفيلسوف حيث يقول ان فخوصا رطبة حصيبة ----------------مثمرة فيما يجاور نهر الاردن وكانت بها مداءن مهولة احرقتها صواعق ولقد بقي اثر البلد واثار تماره الي اليوم فيه كالظاهرة وامسك عن القول بان ذلك كان لذنوب اهلها ثم رجع بعد قليل في كلامه كالناس- لمذهبه في جحود ذلك فقال كما قلت ان هذه المداءن الجليلة احترقت بنار سماوية كذلك اعترف ان مكانها صار غديرا فلم يجد به الشهرة الامر في هذه المداءن التي احترقت لذنوب اهلها من ان يصف نفسه عارفا بها ومقرا بخبرها علي كفره وسوء مذهبه ----وان- اصف هذه الارض باشنع مما وصف وابلغ مما حكي	33	2610	0	3140403122811513400	7112885471205035770	553	923	75.947998046875	118	0375AnonymousTranslator.TarikhCalamUrusiyus.MAB020626-ara1.completed	0845Maqrizi.KhabarCanBashar.MMS00013-ara1
38	1241	372	1574	-4029061759496275370	3485423447167391186	0375AnonymousTranslator.TarikhCalamUrusiyus.MAB020626-ara1.completed.ms098	0845Maqrizi.KhabarCanBashar.MMS00013-ara1.ms2212	322	وقد كان جيرش ملك الفرس قبله في اول سنة من ولايت-----ه الله ------فكتب عن نفسه الي جميع اهل مملكته كتابا فيه هذا ما يقول جيرش ملك الفرس ان الرب اله السماء ملكني سلطان الدنيا وقد امرني ان ابني بيته في مدينة يروشالم التي ببلد يهوذا فمن كان فيكم من اهلها فليرجع اليها ويبني بيت الرب اله اسراءيل وكان الاهه معه فانه الله الذي في يروشالم ثم فرض عونهم	وقد كان جيرش ملك الفرس -----في اول سنة من ولايته سخره الله تعالي فكتب عن نفسه الي جميع اهل مملكته كتابا فيه هذا ما يقول جيرش ملك الفرس ان الرب اله السماء ملكني سلطان الدنيا وقد امرني ان ابني بيته ف----ي-- يروشالم التي ببلد يهوذا فمن كان فيكم من اهلها فليرجع اليها ويبني بيت الرب اله اسراءيل وكان ال-هه معه فانه الله الذي في يروشالم ثم فرض عونهم	98	2212	0	4217654172307347321	4476994016168374440	256	345	93.33333587646484	62	0375AnonymousTranslator.TarikhCalamUrusiyus.MAB020626-ara1.completed	0845Maqrizi.KhabarCanBashar.MMS00013-ara1
819	1	1511	749	-4029061759496275370	3485423447167391186	0375AnonymousTranslator.TarikhCalamUrusiyus.MAB020626-ara1.completed.ms073	0845Maqrizi.KhabarCanBashar.MMS00013-ara1.ms2857	542	-علي-- علي رعيتي اميرا وقسمت سلطان عبدي داءد وصيرته اليك فلم تسلك مثل طريق عبدي داءد ولا اخذت ماخذه واتخذت الاوثان واضللت بني اسراءيل لذلك سانزل المكروه علي بيت يربعام بن نباظ واهلكهم اجمعين حتي لا تبقي لهم بقية فمن مات منهم في المدينة اكلته الكلاب ومن مات----- في الصحراء تاكله الطير ثم قال لها اذهبي فانك اذا بلغت باب منزلك يموت الغلام الذي اقبلت ساءلة عنه فيبكي عليه بنو اسراءيل ويدفن ولن يدفن من اهل بيت يربعام غيره فلما ودخلت باب المنزل مات الغلام علي ما قال لها النبي وتم علي اهل بيت يربعام بعد ذلك جميع قوله وسياتي ذكره في موضعه ان شاء الله وقد ---كا-ن رجيعام بن -سليما-ن ج---مع جموعا من سبط يهوذا- و--بنيا--م--ين عدتها -ماءة ا-لف و-ستة وثمانو--ن ----ا--لفا يريد ب-ها --غزو ا-لعشرة ا--لاسب-----اط --فاوحي الله الي- -اجيا ---النبي ه-ذا-- ------قاء-ل	ووليتك علي رعيتي اميرا وقسمت سلطان عبدي داود وصيرته اليك فلم تسلك مثل طريق عبدي داود ولا اخذت ماخذه واتخذت الاوثان واضللت بني اسراءيل لذلك سانزل المكروه علي بيت يربعام بن نباط واهلكهم اجمعين حتي لا يبقي لهم بقية فمن مات منهم في المدينة اكلته الكلاب ومن مات منهم في الصحراء تاكله الطير ثم قال لها اذهبي فانك اذا بلغت باب منزلك يموت الغلام الذي اقبلت ساءلة عنه فتبكي عليه بنو اسراءيل ويدفن ولن يدفن من اهل بيت يربعام غيره فلما اقبلت ودخلت باب المنزل مات الغلام كما قال اجيا --وتم علي اهل بيت يربعام بعد ذلك جميع قوله -كما-- ذكر- في اخبار بني اسراءيل عند افتراقهم في اخبار يعشا ابن جيا بن رمو-ت من سبط بساخار والله اعلم ابن عاموص ويقال اموص ويقال شعياهو بن رمصياهو بن يونس بن احرياهو ابن يهوزام بن بيوشافاظ تنبا في ايام اخيه عوزيا بن امصيا هو احد بني اسراءيل	73	2857	0	-3786089700052990603	-4692077919505290695	423	755	71.78807830810547	85	0375AnonymousTranslator.TarikhCalamUrusiyus.MAB020626-ara1.completed	0845Maqrizi.KhabarCanBashar.MMS00013-ara1
1	623	1558	1615	-4029061759496275370	3485423447167391186	0375AnonymousTranslator.TarikhCalamUrusiyus.MAB020626-ara1.completed.ms133	0845Maqrizi.KhabarCanBashar.MMS00013-ara1.ms2225	865	من ملوك الدنيا خانعين له فعفا عن بعض ونفا بعضا وقتل بعضا ثم مضي الي احواز طرسوس وكانت مدينة زاهرة قديمة عظيمة الشان وكان اهلها واثقين بعون اهل افريقية لهم لصهر كان بينهم فحاصرهم فيها حتي افتتحها ثم مضي منها فاصاب بلد جليجية وبلد روذس وبلد مصر وانتهب الجميع ثم بلغ الي بيت الوثن الذي كان في ذلك الزمان ليوبش وهو اسم المشتري الدري ليساله ويستر بمساءلته اياه ما كان يرمي به من عهار امه وجهالة ابيه فدعا القيم علي ذلك الوثن وامره سرا ان يجاوبه عنه بما احب ان يظهر من قوله قال هروشيوش هذا حكته كتب المجوس فاقروا بحكايتهم ذلك ان تلك الالهة كانت عند الاسكندر صما بكما اذ في حكم القيم الجواب عنها بما يوافقه ويوافق الساءل وانما فعل ذلك الاسكندر مستهزءا به لانه كان اعلم الناس انها لا تعقل ولا تفهم ولا تسمع ولا تجاوب وفي رجوعه من مكان الوثن ومسيره لمحاربة الفرس في المعركة الثالثة بني مدينة الاسكندرية بارض مصر وله في بنيانها اخبار طويلة وسياسات كرهنا تطويل كتابنا بها ثم ان داري لما يءس من مصالحته اقبل في اربعماءة الف راجل وماءة الف فارس فتلقي الاسكندر مقبلا من ناحية مصر في جوار مدينة طرسوس فكانت بينهما معركة عجيبة شنيعة اجتهادا من الروم علي ما قد كانوا ضروه واعتادوه من الغلبة والظفر واجتهادا من الفرس بالتوطين علي الهلاك وتفضيل الموت علي الرق والعب-دية فقل ما يحكي عن معركة كان القتل فيها اكثر منه في تلك المعركة فلما نظر داري الي اصحابه يتغلب عليهم ويهزمون عزم علي استعجال الموت في تلك الحرب بالمباشرة لها -نفسه والصبر حتي يقتل معترضا للقتل فلطف به بعض قواده حتي سللوه فانهزم ففي تلك الوقيعة ذهبت قوة الفرس وعزهم وتذلل بعدها سلطانهم وصار بلد المشرق كله في طاعة المجذونيين واذلت الفرس تلك الوقيعة اذلالا لم يروموا بعدها الامتناع والمخالفة وانقطعوا مدة اربعماءة	من ملوك الدنيا خانعين له فعفا عن بعض ونفي بعضا وقتل بعضا ومضي الي احواز طرسوس حتي افتتحها تم ---------------------------------------------------------------------------------------------------------مضي منها فاصاب بلد جليجية وبلد رودس وبلد مصر وانتهب الجميع تم بلغ بيت الوتن الذي كان يدعي ليوبس وهو اسم المشتري وفي رجوعه من مكان الوتن ومسيرة ---------------------------------------------------------------------------------------------------------------------------------------------------------------------------------------------------------------------------------------------------------------------------------------------------------------------------------------------------------------------------------------------------------------لمحاربة الفرس في المعركة الثالثة بني مدينة الاسكندرية بارض مصر تم ان دارا لما يتس ----------------------------------------------------------من مصالحته اقبل في اربعماءة الف راجل وماءة الف فارس فتلقي الاسكندر مقبلا من ناحية مصر في جوار مدينة طرسوس فكان- بينهما معركة عجيبة شنيعة اجتهادا من الروم علي ما قد كانوا ضروه واعتادوه من الغلبة والظفر واجتهادا من الفرس بالتوطين علي الهلاك وتفضيل الموت علي الرق والعبودية فقل ما يحكي عن معركة كان القتل فيها اكثر منه ف- تلك المعركة فلما نظر دارا الي اصحابه يتغلب عليهم ويهزمون عزم علي استعجال الموت في تلك الحرب بالمباشرة لها بنفسه والصبر حتي يقتل معترضا للقيل فلطف به بعض قواده حتي سلبوه فانهزم ففي تلك الوقيعة ذهبت قوة الفرس وعزهم وتذلل بعدها سلطانهم وصار بلد المشرق كله في طاعة المجدونيين واذلت الفرس تلك الوقيعة اذلالا لم ير--وا بعده- الامتناع والمخالفة وانقطعوا مدة اربعماءة	133	2225	0	-9018933728813023257	679553148328452170	704	1559	55.484283447265625	143	0375AnonymousTranslator.TarikhCalamUrusiyus.MAB020626-ara1.completed	0845Maqrizi.KhabarCanBashar.MMS00013-ara1
1210	1	1576	367	-4029061759496275370	3485423447167391186	0375AnonymousTranslator.TarikhCalamUrusiyus.MAB020626-ara1.completed.ms033	0845Maqrizi.KhabarCanBashar.MMS00013-ara1.ms2611	355	وذلك ان في افنية العرب والفلسط-نيين بسيطا تحدق عليه جبال كانت فيه خمس مداءن اسماءها سذوم وغمرة وشبوين واذا-ما وسغور وكانت كريمة القاعة كثيرة الثمرة وكان نهر الاردن ينبسط في سهلتها ويسقي عامتها فكان اهلها في النعيم التام والعيش الرغد فلما استعملوا ما ا-توه من الخير في سبيل الشر وبدلوا بالشكر عصيانا وبالطاعة كفرا فصار نعيمهم سببا لهلاكهم فاخرجهم الغني الي اتباع الشهوات	وذلك ان في افنية العرب والفلسطينيين بسيطا تحدق عليه جبال كانت فيه خمس مداءن اسماءها سدوم وغمزة وشبوين واذا ما وسعود وكانت كريمة القاعة كثيرة التمر- وكان نهر الاردن ينبسط في سهل-ها ويسفي عامتها فكان اهلها في النعيم التام والعيش الرعد فلما استعملوا ما اوتوه من الخير في سبيل الشر وبدلوا بالشكر عصيانا وبالطاعة كفرا -صار نعيمهم سبيا لهلاكهم فاخرجهم الغني الي اتباع الشهوات	33	2611	0	3140403122811513400	-7874385389403146337	293	369	96.20596313476562	51	0375AnonymousTranslator.TarikhCalamUrusiyus.MAB020626-ara1.completed	0845Maqrizi.KhabarCanBashar.MMS00013-ara1
1	968	723	1516	-4029061759496275370	3485423447167391186	0375AnonymousTranslator.TarikhCalamUrusiyus.MAB020626-ara1.completed.ms071	0845Maqrizi.KhabarCanBashar.MMS00013-ara1.ms2795	272	يذبح في كل يوم لماءدته من البقر------- -----منها عشر بقرات مسمنة ومن الكباش ماءة كبش سوي الصيد من الايول --------وسوي انواع الطير والحيتان الي كثير من جميل رتبه وجميع ذلك موصوف في كتاب الملوك تركنا ترجمتها في هذا الكتاب لكثرتها ولمعرفة الناس بها النساء من الاجناس ببني اسراءيل فتزوج ابنة فرعون مواب وبني عمون وبني اذوم واهل صيدا واهل جثا وكان وطاءعا لاوامرهن وكان نساءه اللاءي ينزلن منه منزلة الازواج سبعماءة واللاء ي ينزلن منه منزلة السراري ثلاثماءة حتي بلغ به حبه فيهن ان اغضب ا-ل---ل-ه -------وتوعده بان يزيل الملك عنه ويصيره الي ا حد رجاله وقال له لاجل داءد النبي عبدي لا ازيله عنك طول حياتك لكن ازيله عن ابنك وانفسد عليه نظام امره وثار عليه كثير من القباءل منهم وهذذ بن اليذع الاذومي وغيره ونكدوا عليه ونغصوا عليه ما وهب الله له من الهدنة والصلح و-ك--ا	يذبح في كل يوم لماءدته من البقر ثلاثين بقرة منها عشر بقرات مسمنة ومن الكباش ماءة كبش سوي الصيد من الايول والاروي وسوي انواع الطير والحيتان الي كثير من جميل رتبه وكان محبا للنساء من الاجناس المحيطة ببني اسراءيل معجبا بهن طاءعا لهن فبلغت زوجاته سبعماءة وسراريه ---------------------------------------------------------------------------------------------------------------------------------------------------------------------------------------ثلاثماءة حتي بلغ به حبه فيهن ان -عتب الله عليه بسببهن وتوعده بان يزيل الملك عنه ويصيره الي احد رجاله وقال له لاجل داود النبي لا ازيله عنك طول حياته لكن ازيله عن ابنك وافسد عليه نظام امره وتار عليه كثير من القباءل منهم وهدد بن البدع الاذومي ونغضوا -------------------------عليه ما وهب الله له من الهدنة والصلح ونكدوا	71	2795	0	4482101899831416231	1256745765063295240	212	757	35.93130874633789	47	0375AnonymousTranslator.TarikhCalamUrusiyus.MAB020626-ara1.completed	0845Maqrizi.KhabarCanBashar.MMS00013-ara1
1	1458	216	1668	-4029061759496275370	3485423447167391186	0375AnonymousTranslator.TarikhCalamUrusiyus.MAB020626-ara1.completed.ms101	0845Maqrizi.KhabarCanBashar.MMS00013-ara1.ms2216	199	في فحوص مرطونية يوم داري فلما توغلت ال-فءة العظمي فءة الفرس في مضيق الجبل صارت هنالك لكثرتها وشدة ازدحامها وضيق الموضع عنها لا يمكنها القتال ولا يواتيها الخروج والهروب فكان القتل في اهلها ثلاثة ايام وسقط منهم عدد لا	في فحوص مزطونيه يوم دارا فلما توغلت الجيوش العظمي فيه الفرس في مضيق الجبل صارت هنالك لكثرتها وشدة ازدحامها وضيق الموضع عنها لا يمكنها القتال ولا يو-سعها الخروج والهروب فكان القتل في اهلها ثلاثة -----وسقط منهم عدد لا	101	2216	0	-1858083772470258131	5726768725156896641	161	216	92.12963104248047	33	0375AnonymousTranslator.TarikhCalamUrusiyus.MAB020626-ara1.completed	0845Maqrizi.KhabarCanBashar.MMS00013-ara1
604	1	1278	608	-4029061759496275370	3485423447167391186	0375AnonymousTranslator.TarikhCalamUrusiyus.MAB020626-ara1.completed.ms030	0845Maqrizi.KhabarCanBashar.MMS00013-ara1.ms0331	567	لما كثروا ونموا توقعوا ان يعود عليهم طوفان اخر فيهلكهم فاجتمعوا واداروا رايا ان يبنوا بنيانا يعتصمون فيه وجمعهم علي ذلك نمروذ بن كنعان الجبار فبنوه حتي انتهي طوله خمسة الاف باع وماءة وسبعين باعا وكان اسفله اوسع من اعلاه وكانت فيه محاريب ومقاصير ومساكن عجيبة من الرخام مزينة بالجوهر والذهب وكثير ما يكاد سامعه يصدق به علي ما حكته كتب الفلاسفة وقد اتي ذكر ذلك في التوراة فبلبل الله السنتهم حتي صار لا يفهم الرجل الرجل وتفرقوا لغات شتي بعد ما كانوا لسانا واحدا وامة واحدة فصاروا امما وشعوبا والسنة وسمي المكان بابيل وبعد البلبلة انتقل نمروذ الي ناحية ارض فارس وفرض علي اهلها عبادة النار وفي ذلك الزمان ابتدءت عبادة الاوثان وبنيت لها المحاريب -فصار-ت سن---و الدنيا- الي مو--لد --را---غو ال----في	لما كثروا ونموا توقعوا ان يعود عليهم طوفان اخر فيهلكهم فاجتمعوا واداروا راي- ان يبنوا بنيانا يعتصمون فيه وجمعهم علي ذلك نمرود بن كنعان الجبار فبنوه حتي انتهي طوله خمسة الاف باع وماءة وسبعين باعة وكان اسفله اوسع من اعلاه وكانت فيه محاريب ومقاصير ومساكن عجيبة من الرخام مزينة بالجوهر والذهب --------------------------------------------------------------------------------فبلبل الله السنتهم حتي صار لا يفهم الرجل الرجل وتفرقوا لغات شتي بعد-ما كانوا لسانا واحدا وامة واحدة فصاروا امما وشعوبا والسنة وسمي المكان باب-ل وبعد البلبلة انتقل نمرود الي ناحية ارض فارس وفرض علي اهلها عبادة النار وفي ذلك الزمان اشتد-ت عبادة الاوثان وبنيت لها المحاريب وقد روي عن ابن عباس ان النمرود بن كنعان بني الصرح في	30	331	0	7649697360082059628	-4616379136010333000	464	691	82.05499267578125	93	0375AnonymousTranslator.TarikhCalamUrusiyus.MAB020626-ara1.completed	0845Maqrizi.KhabarCanBashar.MMS00013-ara1
245	39	1646	1564	-4029061759496275370	3485423447167391186	0375AnonymousTranslator.TarikhCalamUrusiyus.MAB020626-ara1.completed.ms103	0845Maqrizi.KhabarCanBashar.MMS00013-ara1.ms2219	1312	العساكر عل-ي محارب-ة -ال----ر----وم ا-لغريقيين فانه ظفر اولا وظفر به اخرا وذلك انه افتتح في اول امره -مدينة اوليطة الاثنياشيين وكان الاثنياشيون قد ارادوا مصالحته وينصرف عنهم حتي ---مع ذلك الروم الغريقيون وعظم عليهم ذلك وخاطبوا الاثنياشيين وقالوا لهم قبحكم الله من امة اتصالحون فلا قد اوقعن----ا-- بهم ----------امس ----و---------ه-م من شرهم ام رغبة في خيرهم فرجعوا عن تلك النية -------------ذلك ولجوا في مخالفته احرق ما قدر عليه من قراهم ومضي بعساكره الي -----ابنه من بلاد دردانية وهم من الروم الغريقيين -ل-----ا-ن --دردا-ن-ه ---بن شل-بيه بن ----طرا-------ج --بن ---مو-----اش ----------ماءة الف مقاتل فلما لاقاهم تقاتلوا مليا ثم انكشفت الهزيمة علي -----الفرس -----جميع عسكره ولم يخلص الا في نفر بين اصحابه مسلوبا فاصاب الروم الغريقيون ما كان في جميع ذلك العسكر من عدد الملك وصناعته القديمة واقتسموا امو-------ال--- وفضته وكان الذي صار اليهم من كثرة ذلك سببا لفسادهم فيما استقبلوه من امرهم ثم ان الفرس اتصلت عليهم نوازل المكروه وتتابعت عليهم حوادث النكوب وقدما ترادفت البلايا وتتابعت المكاره وكانت صدورها متصلة باعجازها واواءلها دليلة علي اواخرها ومن ذلك ان اليوم الذي انتهب عسكر مرداق -في بلد مواشية في ذلك اليوم كان قطيع من عسكر الفرس يقاتل الروم الغريقيين ايضا علي المراكب في بلد اشية الصغري تحت جبل انقلان فوقع في ذلك اليوم الخبر علي كلا العسكرين بوقيعة مرداق وغلبة الروم علي عس-كره واصابتهم ما كان معه ومن العجب ان الوقيعة كانت في بلد مواشية بالمشرق وان الخبر وقع في بلد اشية الصغري علي بعد ما بين البلدين منتصف النهار فكان اكثر ما له كتب تاريخه وعرف وقته ---ان الفرس كان واقعهم الخبر بمصاب اصحابهم فانكسرت قلوبهم وانهزموا وقتلوا من	ال-قاءد الذي كان بفي بالعساكر علي محاربة الروم فانه ظفر اولا وظفر به اخرا وذلك انه افتتح في اول امره اولبظة من مدن الاثنياشيين وكان الاثنياشيون قد ارادوا مصالحته وينصرف عنهم حتي تسامع ذلك الروم الغريقيون وعظم عليهم ذلك وخاطبوا الاثنياشيين وقالوا لهم فيحكم الله من امة اتصالحون فلا قد اوقعناهم امس وهم حديثو نكبة ما تبتعون بهذا ارهبة من شرهم ام رغبة في خيرهم فرجعوا عن تلك النية فلما ابوا عن ذلك ولحوا في مخالفته احرق ما قدر عليه من قراهم ومضي بعساكره الي كورة ابنه من بلاد در-انيه وهم من الروم الغريقيين فلما تسامع بذلك اجناس الروم الغريقيين اجتمعوا في صعيد واحد وخرجوا تلقاه في نحو من ماءة الف مقاتل فلما لاقاهم تقاءلوا مليا ثم انكشفت الهزيمة علي قاءد الفرس فذهب جميع عسكره ولم يخلص الا في نفر -من اصحابه مسلوبا فاصاب الروم الغريقيون ما كان في جميع ذلك العسكر من عدد الملك وصناعته القديمة واقتسموا اموال ملك الفرس وفضته وكان الذي صار اليهم من كشرة ذلك سببا لفسادهم فيما استقبلوه من امرهم تم ان الفرس اتصلت عليهم نوازك المكروه وتتابعت عليهم حوادث النكوب وقد-- ترافدت البلايا وتتابعت المكاره وكانت صدورها متصلة باعجازها واواثلها دليلة علي اواخرها ومن ذلك ان اليوم الذي انتهب عسكر مرداق وفي بلد مواشيه في ذلك اليوم كان قطيع من عسكر الفرس يقاءل الروم الغريقيين ايضا علي المراكب في بلد اشيه الصغري تحت جبل انقلان فوقع في ذلك اليوم الخير علي كلا العسكرين بوقيعة مرادق وغلبه الروم علي عساكره واصابتهم ما كان معه -من العجب ان الوقيعة كانت في بلد مواش-ة بالمشرق وان الخبر وفع في بلد اسبه الصغري علي بعد ما بين البلدين منتصف النهار فكان اكبر ما له كتب تاريخه وغرف وقته تم ان الفرس ----واقعهم الخبر بمضاب اصحابهم فانكسرت قلوبهم وانهزموا وقتلوا من	103	2219	0	-6489505007248489225	2640429491721637551	1058	1536	85.41666412353516	204	0375AnonymousTranslator.TarikhCalamUrusiyus.MAB020626-ara1.completed	0845Maqrizi.KhabarCanBashar.MMS00013-ara1
77	20	787	675	-4029061759496275370	3485423447167391186	0375AnonymousTranslator.TarikhCalamUrusiyus.MAB020626-ara1.completed.ms134	0845Maqrizi.KhabarCanBashar.MMS00013-ara1.ms2231	506	-لو -لم---- التي كانت بيضة الفرس وراس ملكهم التي كانت اجتمعت اموال الدنيا ونعمها فهدمها وانتهب ما فيها ثم بلغه عن داري انه صار عند قوم من اللجذمونيين مكبلا في كبول من فضة وكان الذي اسره دمشقان بن ارنت بن خلب فتهيا لاتباعه وخرج متقدما في ستة الاف فارس فالفاه --بالطريق وحدة مجروحا جراحات كثيرة فلم يلبث ان هلك منها فاظهر الاسكندر الحزن عليه والمرثية له وامر بدفنه في مقابر الملوك قال هروشيوش فلقد كان في امر هذه الثلاث المعارك عبرة لمن اعتبر ووعظ لمن اتعظ انه قتل فيها من اهل مملكة واحدة نحو من خمسة عشر الف الف بين راكب وراجل من اهل -بل-د ا-شيا وقد كان قتل من اهل تلك المملكة قبل ذلك بنحو من ستين سنة نحو تسعة عشر الف الف الي الف الف بين راكب وراجل من اهل بلد ا-شيا وبلد سورية وبلد طرسوس وبلد جليجية وقبذوخية و--بلد -مصر وجزي-	الي المدينة التي كانت بيضة الفرس وراس ملكهم التي كان فيها اموال الدنيا مجتمعة فانتهب ما فيها ثم بلغه عن دارا انه صار عند قوم مكبلا في كبول من فضة فهيا ---------------------------------------------------------------لاتباعه وخرج متقدما في ستة الاف فارس فالقاه في الطريق وحده مجروحا جراحات كثيرة فلم يلبت ان هلك منها فاظهر الاسكندر الحزن عليه والمرتية له وامر بدفنه في مقابر الملوك قال-------- فلقد كان في امر هذه الثلاث المعارك غبرة لمن اعتبر ووعظ لمن اتعظ انه قتل فيها من اهل مملكة واحدة نحو من خمسة عشر الف الف بين راكب وراجل من اهل مملكة الفرس وقد كان قتل من اهل تلك المملكة قبل ذلك بنحو من ستين سنة نحو تسعة عشر الف الف الي الف الف بين راجل وراكب من اهل بلد الفرس وبلد الشام وبلد طرسوس وبلد فلسطين وبلد مصر وجزيرة رودس وجميع	134	2231	0	-3631928846614084809	-3798957543832462157	395	726	69.69696807861328	91	0375AnonymousTranslator.TarikhCalamUrusiyus.MAB020626-ara1.completed	0845Maqrizi.KhabarCanBashar.MMS00013-ara1
462	343	1303	1332	-4029061759496275370	3485423447167391186	0375AnonymousTranslator.TarikhCalamUrusiyus.MAB020626-ara1.completed.ms043	0845Maqrizi.KhabarCanBashar.MMS00013-ara1.ms2195	676	--ي ب-رغنة ال-ذي- --شا--رب المراة ال--تي- كانت تدعي فلو-ما-ل-ة وكان-ت مشا ربته ---اي--اها علي ما وصفوه- --من --م--شارب---ة --ال-نساء ذوات الفسق وكان- برغنة -قد -و-اقع --اخت-ها و-قطع --لسانه-ا في قصة -ل----ه ---طويلة ف----ذبحت -----لذلك ---هذه ----ال--م--را---ة ابنا- -ل-ها منه صغيرا- و-ق---------د---مته ال--يه -طعا-----ما- ف---ي-- ------خبر لها- ---معروف ذكر ا--لفرس --ال--اولي-- في ذلك الزمان ذكروا انه خرج من ارض الروم الغريقيين رجل يدعي برشر وترجمته بالعربية فارس من اقاصي بلاد اشية------ حتي نزل بناحية منها في بنيه واهل بيته و-خو-له وعبيده وضففه فتغلب علي اهل ذلك البلد ومن كان فيه من الاجناس فنسبت اليه الامة التي غلب عليها وصار اسمها مشتقا من اسمه وهم الفرس اشتق اسمهم من اسم- فارس واسم فارس في اللسان اليوناني برشر وكذلك يسمي الفرس برشوش وما زال امرهم ينمو ويج-ل حتي الي -----جيرش الفارسي وهو اول الاكاسرة الذي تغلب علي مملكة----------------- وضمهما الي مملكته فاتسع ملكهم به وقوي امرهم وبعد ذكرهم حتي الي زمان داري بن ذاري اخر ملوكهم وهو الذي تغلب عليه الاسكندر الاعظم وبدد شملهم واذلهم ----و	وهي بمنزلة الكنية ويقال ان الطبقة الثانية يقال -لهم ملوك ايلان ومعناه العلويون ولم يملكوا الدنيا باسرها وكان المبتدي بقسمة ممالكه افريدون الطاهر فانه قسمها بين اولاده كما تقدم ويقال لملوك هذه الطبقة الثانية الجبابرة في ايامهم انقسم ملك الدنيا بين الامم وكان في اثناء ذلك خوارج وفترات ويقال ان ابتداء هذه الطبقة من الفرس كان في ايام عثنيال بن قناز احد حكام بني اسراءيل وقال هروشيوش في ذلك الزمان ------انه خرج من ارض الروم الفريق-ين رجل يدعي يرشن و-معناه بالعربية فارس مر اقاصي بلاد اسية واقبل حتي نزل بناحية منها في بنيه واهل بيته واخواله وعبيده و---- فتغلب علي اهل ذلك البلد ومن كان فيه من الاجناس فنسبت اليه الامة التي غلب عليها وصار اسمها مشتقا من اسمه وهم الفرس اشتق اسمهم من اسمه فارس واسم فارس في اللسان اليوناني يرشن ولذلك يسمي الفرس يرشوش وما زال امرهم ينمو ويجبل حتي الي دولة جيرس الفارسي وهو اول الاكاسرة الذي تغلب علي مملكة القضاعيين والنبط وضمهما الي مملكته فاتسع ملكهم به وقوي امرهم وبعد ذكرهم حتي الي زمان دارا بن دارا اخر ملوكهم وهو الذي تغلب عليه الاسكندر الاعظم وبدد شملهم واذلهم بن زو	43	2195	0	-4935846497207897048	-8015392791392146410	521	1002	67.46507263183594	95	0375AnonymousTranslator.TarikhCalamUrusiyus.MAB020626-ara1.completed	0845Maqrizi.KhabarCanBashar.MMS00013-ara1
1283	303	1573	676	-4029061759496275370	3485423447167391186	0375AnonymousTranslator.TarikhCalamUrusiyus.MAB020626-ara1.completed.ms070	0845Maqrizi.KhabarCanBashar.MMS00013-ara1.ms2795	242	---ر الانب-يا----ء --ل----ه ولم يبق احد من الملوك المجاورين له والمحيطين ب-----------ه وراسله------ اليه وجوه دولته وكل اعانه بما احتاج اليه في البنيان من الالات والخشب والحجار- والذهب والفضة وضروب الاشياء التي يحتاج اليها ووفدت اليه ملكة سبا ----رغبة منها--- -----في- استم-اع -علوم-ه ورءية سيره --وا-حكا-----مه و-كا-ن ---ت- ---خيله -اربع----ي-----ن ال-فا و-افرا-سه--- ال--	كثير الذهب والجوهر والعجاءب ولم يبق احد من الملوك المجاورين له والمحيطين به الا وهاداه وراسله واوفد اليه وجوه دولته وكل اعانه بما احتاج اليه في البنيان من الالات والخشب والحجارة والذهب والفضة وضروب الاشياء التي يحتاج اليها وقدمت عليه ملكة سبا في السنة الخامسة والعشرين من ملكه بمن معها رغبة منها في استماع علومه ورواية سيرته واحكامه واطاعة جميع ملوك الارض وكانوا يهدون اليه	70	2795	0	-7496962116721826030	1256745765063295240	191	373	64.87935638427734	30	0375AnonymousTranslator.TarikhCalamUrusiyus.MAB020626-ara1.completed	0845Maqrizi.KhabarCanBashar.MMS00013-ara1
1117	1	1497	343	-4029061759496275370	3485423447167391186	0375AnonymousTranslator.TarikhCalamUrusiyus.MAB020626-ara1.completed.ms034	0845Maqrizi.KhabarCanBashar.MMS00013-ara1.ms2612	266	التي كانوا يرتكبونها بضعا وعشرين سنة حتي انفذ الله حكمه العدل عليهم واخرج الله عبده لوطا وامراته وابنتيه مسلما لهم ثم الحق بهم امراة لوط اذ عصت امره الذي امرهم به ا--لا ينظروا خلفهم اذا خرجوا من المدينة فنظرت خلفها فمسخها الله حجرا مالحا حسب ما اتي به الذكر في التوراة وخلف لوط من الولد اثنين وهما مواب وعمون وا ما م واب فهو ابو بني ماب وامدوذ واما عمون فمنه تناسل اهل عمان والبحر-ين	التي كانوا ير-كبونها بضعا وعشرين سنة حتي -نفذ الله حكمه العدل -فيهم واخرج----- عبده لوطا وامراته وابنتيه مسلما لهم ثم الحق بهم امراة لوط اذ عصت امره الذي امرهم به ان لا ينظروا خلفهم اذا خرجوا من المدينة فنظرت خلقها فمسخها الله حجرا مالحا وخلف لوط من الولد اثنين وهما مءاب وعمون فاما مءاب فهو ابو بني قاب واسدود ---------------------------------واما عمون فمنه تناسل اهل عمان والغجر من	34	2612	0	-4856426944469564543	-144070496865546093	216	383	69.45169830322266	44	0375AnonymousTranslator.TarikhCalamUrusiyus.MAB020626-ara1.completed	0845Maqrizi.KhabarCanBashar.MMS00013-ara1
592	414	1467	856	-4029061759496275370	3485423447167391186	0375AnonymousTranslator.TarikhCalamUrusiyus.MAB020626-ara1.completed.ms091	0845Maqrizi.KhabarCanBashar.MMS00013-ara1.ms0335	238	- ان شاء الله كان اول --ملوك السريانيين نين بن بالي ----فل----م-----------ا قتل ----ول-يت الملك--- بعده امراته شمرام وهي التي اتمت بنيان مدينة بابيل وجعلتها قاعدة ملك السريانيين فبقي ملكهم بها قاءما وسلطانهم بها عزيزا الي الوقت الذي قام فيها الملك الماذي ارباط فقتل شردنيال الفاسد الذي كان اخر ملوك السريانيين واذ ذلك انتقل سلطان السريانيين الي الماذيين وفي تلك السنة ولي ملك الرومانيين ملك يقال له برقاش هو جد روملش الذي بني مدينة رومة والدليل علي تدبير الله عز وجل في اقامة ملك الرومانيين مقام ملك السريانيين وان ذلك ليس من فعل الادميين ولا مما تاتي به الدنيا وفاقا علي غير قصد بارءها واعتماد مدبرها ان جميع قصص السريانيين انما تبدا من زمان نين بن بالي كما تبدا قصص الرومانيين جميعها من زمان برقاش وانه كان من ولاية نين بن بالي الي ان بنت امراته ---ا---------رب-----ع وستون سنة وك----ذلك كان في- او--ل-- --ولا---ية ب-رقا-ش ---رومة -اربع --وستون سن-ة -وا----ن ---في السنة رومة الذي ك---ان -مل-كها وسبب وال سلطان -بابيل علي -يدي ارباط -وصار الي الماذيين --وان ---كان	س من راي وذكر هروشيوش ان اول السريانيين نين بن بالي وهو الذي سمي نينوش فلما قتل بعد المدة المذكورة وليت امراته شمرام وانها هي اتمت بنيان مدينة باب-ل وجعلتها قاعدة ملك السريانيين ------------------------------------------------------------------------------------------------------------------------------------------------------------------------------------------------------------------------------------------------------------------------------------------------------------------------------------------------------------------------------------------------------------------------------------------------------------------------------------------------------------------------------------------وانه كان من ولاية نين بن بالي الي ان بنت امراته شمرام مدينة بابل اربع وستون سنة وكان نمرود الجسيم هو الذي اسسها ونين بن بالي وامراته شمرام اتما بنيانها فجاءت من عجاءب الدهر تكاد الا تكون من عمل الادميين لا-نهم ال يقدرون علي مثله وكانت مربعة وفي كل تربيع حصنان عجيبان	91	335	0	-8975102976838838615	715805290520216800	176	966	24.63768196105957	28	0375AnonymousTranslator.TarikhCalamUrusiyus.MAB020626-ara1.completed	0845Maqrizi.KhabarCanBashar.MMS00013-ara1
775	489	1243	1098	-4029061759496275370	3485423447167391186	0375AnonymousTranslator.TarikhCalamUrusiyus.MAB020626-ara1.completed.ms122	0845Maqrizi.KhabarCanBashar.MMS00013-ara1.ms2220	286	ي-ته- --ستا و--عشري----ن ---سنة ال---با---ب -ال-ثالث م-ن ال----جزء ---ا----لثا-لث ارتشخشار ا----وقش ولي ستا ------وعشر--ين سنة -فصا--رت سن-----و -ا--لدني-ا الي -اخر زما-----نه- ارب--عة ----ا--لاف -وثم----انيماءة -وسبعا-- --وارب-عين سنة ---وفي ---زمانه- -كان -دمش-تيان ا-لمتكلم المجذوني وارسططالي-س بن نم-وفاخش ---ا--لمجذو----ني ---الفي-لسو---ف الحكيم وا---ذ -ذاك -م------ا-ت-- ا-فلاطون ال-فيلسوف بمدين--ة -----اثنيا وان اوقش --هذا---- المل-ك -الفارس-ي ---هو الذي -نفا جماعة من اليهود عن اوطانهم واسكنهم في بلاد اركانيه عند البحر المسمي كشبيه وهو الذي قهر اهل مصر ومضي الي مدينة صيدا وهدمها واستاصلها وله حروب كثيرة لم	يعدهم العون والعطايا علي محاربة الاتنياشيين قال وولي ملك الفرس بعد دارا نوطو ابنه ارتشخشار ابن دارا بن شختا بن دارا اربعين سنة ولما ولي تنازع هو واخوه جيرش ابن دارا وتارت بينهم حرب كان سببها بلاء عظيم في كثير من كور فارس حتي تبارزا اخر ذلك في معركة لها فطعن جيرش اخاه ارتشخشار فنجا منه بسرعة علي فرسه تم احاطت فرسانه بجيوش فقتل وهزم جيشه وانتهت محليه واصيبت جميع امواله واحتوي ارتشخشار علي الملك تم انشغل بحرب القبط قال وولي ملك الفرس الملقب باوفش ستا وعشرون سنة فنفي جماعة من اليهود عن اوطانهم واسكنهم في بلاد اركانيه عند البحر المسمي كشنيد --و------قهر اهل مصر ومضي الي مدينة صيدا وهدمها واستاصلها وله حروب كثيرة ثم	122	2220	0	-6134339487686157282	-5939227249582688749	211	617	46.35332107543945	26	0375AnonymousTranslator.TarikhCalamUrusiyus.MAB020626-ara1.completed	0845Maqrizi.KhabarCanBashar.MMS00013-ara1
11	464	1117	1626	-4029061759496275370	3485423447167391186	0375AnonymousTranslator.TarikhCalamUrusiyus.MAB020626-ara1.completed.ms034	0845Maqrizi.KhabarCanBashar.MMS00013-ara1.ms2611	1088	ا-ع كل سن فلما غضب الله------ لذلك عليهم امطر علي موضعهم نارا وكبريتا ----احترق -جميع البلد واهله احتراقا صار اثره الي اليوم شاهدا باقيا دالا علي عقوبة الله------ الاجلة الباقية علي الكافرين وصار شخص البلد الي اليوم قاءما ولكن ترابه اذا لمس عاد رمادا ويوجد فيها ثمار يكاد الناظر اليها يشتهي اكلها فاذا جنيت وجدت محترقة وصارت السهلة التي كان يسقيها نهر الاردن بحيرة فبلغ من سخط الله عليهم لامور قد يحسبها بعض الجهال صغيرة ان بعث علي الارض التي كانوا ي-سك-ن---و----ها ببركتها الماء ----------لتكون مقفرة سرمدا ويكون السخط ظاهرا عليها ابدا وفي ذلك من حكم الله ------ما يفهم به كيف عاقب- الله------ اهل الجراة عليه في السالف وكيف يقدر علي معاقبتهم في العاجل وكيف هو معاقب-هم في الاجل وانما نسبوا الي لوط لان لوط بن حران بن تارح ابن اخي ابراهيم الخليل كان ساكنا مع عمه ابراهيم في مكان واحد حتي كثرت ماشيتهما ونمت انعامهما وضاق الموضع بهما فقال له ابراهيم سر ناحية بماشيتك وض-ففك وخولك واسير انا ناحية ان اخذت شمالا اخذت يمينا وان اخذت يمينا اخذت شمالا فان خولنا وعبيدنا قد كثروا وانا اتوقع ان يقع بين عبيدنا تنازع وتشاجر فيفسد ما بيننا فاحتمل لوط بجميع ماله وخوله حتي سكن في هذه المداءن المذكورة فاقام فيها داعيا لهم ان يرجعوا الي الله ------وناهيا لهم عن ركوب الفواحش	اهل كل سن فلما غضب الله تعالي لذلك عليهم امطر علي موضعهم نارا وكبريتا حتي احترق وجميع البلد واهله احتراقا صار اثره الي اليوم شاهدا باقيا والا-علي عقوبة الله تعالي الاجلة الباقية علي الكافرين وصار شخص البلد الي اليوم قاءما ولكن ترابه اذا لمس عاد رمادا ويوجد فيها تمار يكاد الناظر اليه- يشتهي اكلها واذا جنيت وجدت محترفة وصارت السهلة التي كان يسقيها نهر الاردن بحبره فبلغ من سخط الله عليهم لامور قد يحسبها بعض الجهال صغيرة ان بعث علي الارض التي كانوا يمسكونها ويعيشون ببركتها الماء بعد النار لتكون مقفرة سرمدا ويكون السخط ظاهرا عليها ابدا وفي ذلك من حكم الله تعالي ما يفهم به كيف عاقبه الله تعالي اهل الجراة عليه في السالف وكيف يقدر علي معاقبتهم في العاجل وكيف هي معاقبتهم في الاجل وانما تببوا الي لوط لان لوط بن حزان بن تارح ابن اخي ابراهيم الخليل كان ساكنا مع عمه ابراهيم في مكان واحد حتي كثرت ماشيتهما ونمت انعامهما وضاق الموضع بهما فقال له ابراهيم سر ناحية بماشيتك وضعفتك وحولك واسير انا ناحية ان اخذت شمالا اخذت يمينا وان اخذت يمينا اخذت شمالا فان خولنا وعبيدنا قد كثروا وانا اتوقع ان يقع بين عبيدنا تنازع وتشاجر فيفسد ما بيننا فاحتمل لوط بجميع ماله وحوله حتي سكن في هذه المداءن المذكورة فاقام فيها داعيا لهم ان يرجعوا الي الله تعالي وناهيا لهم عن ركوب الفواحش	34	2611	0	-4856426944469564543	-7874385389403146337	879	1164	93.47078704833984	186	0375AnonymousTranslator.TarikhCalamUrusiyus.MAB020626-ara1.completed	0845Maqrizi.KhabarCanBashar.MMS00013-ara1
778	1	1454	792	-4029061759496275370	3485423447167391186	0375AnonymousTranslator.TarikhCalamUrusiyus.MAB020626-ara1.completed.ms098	0845Maqrizi.KhabarCanBashar.MMS00013-ara1.ms2215	572	ايديهم علي البنيان وكتب الي عماله يامرهم بانفاق الخراج في معونتهم وان يعطوهم كل ما احتاجوا اليه واوجب الصلب والنفي وكل نوع من العذاب علي كل من عرض لهم وملكهم الناس وكان لهذا سبب هو مذكور في كتاب الديوان المشهور وذلك من قتل هامان الوزير المطالب لهم علي يدي تلك الجارية من اليهود التي كان تزوجها الملك اختصرنا ذكره -للاختصار و-ق------لد --عزير ------بن- ----------------------------------------------------------------------------------------------------------------------شمويل القس اله-روني النبي الحكومة في البلدان المجاورة لهم فرجعوا الي الشام من جميع الافاق وبنوا المدينة والبيت بمعونة ملك الفرس لهم ورءيسهم صروبابيل بن صلتيال بن يخونيا من سبط يهوذا ثم من رهط سليمان بن داءد واقاموا اود سلطانهم وسنتهم واعيادهم وشروط قسيسيهم علي ما كانوا عليه قبل غارة بخت نصر عليهم و---كان--ت-- لهم بعد ذل---ك -ا--خبار-- كثير-----ة ---مع ا---لاجناس ال-م-	ايديهم علي البنيان وكتب الي عماله يامرهم بانفاق الخراج في معونتهم وان يعطوهم كل-ما احتاجوا اليه واوجب الصلب والنفي وكل نوع من العذاب علي كل من عرض لهم وملكهم الناس وكان لهذا سبب وكان من قبل ---------------------------------هامان الوزير المطالب لهم علي يدي---- الجارية من اليهود التي كان تزوجها الملك قلت قد وهم هروشيوس فان واقعة هامان الوزير انما كانت في ايام اردسين بن ماتك ورجوع بني اسراءيل الي بيت المقدس وعمارته قد كان قبل واقعة هامان فاعلمه قال هروشيش وقلد عزيز بن شمويل القس الهاروني النبي الحكومة في البلدان المجاورة لهم فرجعوا الي الشام من جميع الافاق وبنوا المدينة والبيت بمعونة ملك الفرس لهم ورءيسهم ضزءبابيل ----------بن يخونيا من سبط يهوذا ثم من رهط سليمان بن داود واقاموا اود سلطانهم وسننهم واعيادهم وشروط قسيسيهم علي ما كانوا عليه قبل غارة بخت نصر عليهم وبعد ان اتفق له- هذه الامور دام محاربه امير شيسبة واسمه انطيره ولي الامر	98	2215	0	4217654172307347321	2518264378364197000	462	840	68.0952377319336	93	0375AnonymousTranslator.TarikhCalamUrusiyus.MAB020626-ara1.completed	0845Maqrizi.KhabarCanBashar.MMS00013-ara1
1	14	1658	1525	-4029061759496275370	3485423447167391186	0375AnonymousTranslator.TarikhCalamUrusiyus.MAB020626-ara1.completed.ms137	0845Maqrizi.KhabarCanBashar.MMS00013-ara1.ms2233	1269	حتي كاد اصحابه ينهزمون فلما تغلبوا وانهزم القوم امامهم مضي الاسكندر--- الي مدينتهم العظمي فكان اول من صعد علي سورها ومن عجيب فعله انه ترامي في داخلها وحده وكان خبره في تلك المدينة خبرا ما يكاد سامعه يصدق به لان اهلها ثاروا عليه واجتمعوا اليه فكان من -----ا-عجب ا--لا يكونوا اهلكوه بصياحهم وانفاسهم لكثرتهم فضلا عن مقاتلتهم له ورميهم -----فقاتلهم حتي اجحموا عنه وكانوا لما ضيقوا عليه وكادوا يقهرونه ضم ظهره الي السور وقاتلهم حتي فهم اهل العسكر صياحه وصياحهم فهجموا علي ثلم السور ثم افتتحوا المدينة واصاب الاسكندر في تلك الوقيعة سهم في بدنه فاجتهد حتي قتل الذي رماه ونهض اليه علي ركبتيه ثم ركب من هنالك المراكب ومضي مع ريف البحر المحيط حتي وقف الي المدينة التي كان يدعي اميرها اميرية فلما قاتلها ذهب من عسكره في الجزء الاعظم لكثرة ما واقعهم من النشاب المسمومة حتي عرف الاسكندر في نومه بعقير نافع لذلك السم فسقاه اهل عسكره فلم ياخذ فيهم السم بعد ذلك وهذا الدواء معروف عند الاطباء منسوب اليه وصبر علي المدينة حتي افتتحها ثم استدار الاسكندر حتي خرج علي البحر المحيط الي نهر الهند ورجع عليه ثم بلغ بابيل فاذ ذلك اتته رسالات جميع ملوك الدنيا من افريقية والاندلس والغاللين والفرنج والصقليين والسردانيين والايطاليين والشيسيين وجميع ملوك الدنيا لان وقاءعه في ملوك المشرق هالت ملوك المغرب فتوقعوا اقباله اليهم وسارعوا الي الانقياد له والدخول في طاعته وله معهم ومع رسلهم قصص واخبار ومجالس كثيرة طويلة اختصرناها رغبة في الايجاز وكراهية في التطويل ولو استقصينا جميع اخباره وحروبه ومسيره في البر والبحر لطال الكتاب ولكنا اختصرناه ليخف علي القارء فبيناه في بلد بابيل سقاه بعض اعوانه سما بما ادخله فيه بعض اعداءه فمات وقد كملت له اثنتان واربعون سنة وحمل جسده ال----ي-- الاسكندرية -----------وبها دفن وترك سلطان الدنيا مقسوما بين قواده --فيا ------لقسوة قل--و-ب ا-ل--ناس ويا -ل-برد ---اكبا--دهم --ما بال قل----وبهم- لا--- تتفطر -وما ---شا--ن اعي	حتي كاد اصحابه ي-هزمون فلما يغلبوا وانهزم القوم امامهم مضي الاسكندر مه الي مدينتهم العظمي فكان اول من صعد علي سورها ومن عجيب فعله انه ترامي في داخلها وحده وكان خبره في تلك المدينة----- ما يكاد سامعه يصدق به لان اهلها نادوا عليه واجتمعوا اليه فكان من اعجب العجب ان لا يكونوا اهلكوه بصياحهم وانفاسهم لكثرتهم فضلا عن مقاتلتهم له ورميهم اياه فقاتلهم حتي احجموا عنه وكانوا لما ضيقوا عليه وكادوا يقهرونه ضم ظهره الي السور وقاتلهم حتي فهم اهل ال-سور صياحه وصياحهم فهجموا علي ثلم السور تم اقتحموا المدينة واصاب الاسكندر في تلك الوقيعة سهم في بدنه فاجتهد حتي قتل الذي زماه ونهض اليه علي ركبتيه ثم ركب--- هنالك المراكب ومضي مع ريف البحر المحيط حتي وقف علي مدينة فلما قاتلها ذهب من عسكره في قتالها -----------------------الجزء الاعظم لكثرة ما واقعهم من النشاب المسموم- حتي عرف الاسكندر في قومه بعقار نافع لذلك السم فسقاه اهل عسكره فلم ياخذ فيهم السم بعد ذلك وهذا الدواء معروف عند الاطباء منسوب اليه وصبر علي المدينة حتي افتتحها تم استدار الاسكندر حتي خرج علي البحر المحيط الي نهر الهند ورجع عليه ثم بلغ باب-ل فا--تته -بها رسالات جميع ملوك الدنيا من افريقيا والاندلس والفرنج والصقليين والسودانيين وساءر الملوك -------------------------------------لان وقاءعه في ملوك المشرق هالت ملوك المغرب فتوقعوا اقباله اليهم وسارعوا الي الانقياد له والدخول في طاعته وله معهم ومع رسلهم قصص واخبار ومجالس كثيرة طويلة فبينما هو في مدينة بابل سقاه بعض اعوانه سماء ---------------------------------------------------------------------------------------------------------------------------------------------ادخله فيه بعض اعداءه فمات وقد كملت له اثنتان واربعون سنة وحمل جسده الي مدينة الاسكندرية من ارض مصر وبها دفن وترك سلطان الدنيا مقسوما بين قواده بعدما زلزل العالم كله وعم اهله بالبلاء العظيم فهذا ما تلخص في اخبار الاسكندر من تاريخ مدينة روما وهي اقرب الي	137	2233	0	-7113812852581955531	6626644025413732619	1024	1727	73.48002624511719	205	0375AnonymousTranslator.TarikhCalamUrusiyus.MAB020626-ara1.completed	0845Maqrizi.KhabarCanBashar.MMS00013-ara1
794	41	1336	766	-4029061759496275370	3485423447167391186	0375AnonymousTranslator.TarikhCalamUrusiyus.MAB020626-ara1.completed.ms083	0845Maqrizi.KhabarCanBashar.MMS00013-ara1.ms2413	179	ا بن امشيا بن يواش بن احزيا بن يهورام بن يهوشفاظ بن اشا بن ابيا بن رجيعام بن سليمان بن داءد اربعة الاف واربعماءة وثلاثا واربعين سنة ولي الملك وهو ابن خمس واربعين سنة واسم امه ترشا بنت صدوق القس الهروني وكان صالحا تقيا علي مذهب عوزيا ابيه غير ان البامات لم تنقطع في ايامه من ارض يهوذا -------------------------------------------------------------------------------------------------------------------وهو الذي بني باب بيت الله الاعلي وكان في زمانه من الانبياء شعيا وهوشع وميج-ا وفي زمانه -ولي ارض ا--يطالية عند --اللطين---يين روملش بن -مركه ال---ذي ---بني -مدينة ر-ومة و-في زمانه ا-بت-دا-- -مل--ك --بلد -شيرية بالتغلب علي-- ب-عض --م----داءن -يه-و-------------ذا والت-ضييق -ع---ليهم ثم ---توفي ---يوثام بن عو--زيا امير يهوذا --و	بابل بخت نصر الاول وكان لعهده من الانبياء يهوشع وعوزيا واموض واشعيا ويونس بن متي وهو يناتان وبلغت عساكر عزيا الف بدعاء الكوهن لما ارد ان يخالف سنة التوراة في استعمال البخور وهو محرم علي سبط لاوي فبرض ولزم بيته وصار ابنه يءام ينظر في امر الملك ثم تغلب علي ابيه فهلك وكانت سيرته مستقيمة الا انه لم يقطع اسباب الاوثان كلها وملك يوثام وكان صالحا تقيا فتغلب ملوك الجزيرة علي اليهود ومات لست عشرة من ملكه وهو الذي بني باب بيت الله الاعلي وكان في زمانه من الانبياء شعيا وهوشع ومسجيا وملك ابنه احان وهو ابن عشرين سنة فخالف سنة اباءه وعبد هو وقومه الاوثان وقربوا لها القرابين وذبح اجار لالهته احد اولاده وحارب الارمن واستجاش عليهم بملك الموصل فزحف معه وحصر دمشق فملكها واستباحها وعاد عنهم ثم عاد الي محاربتهم فهزموه وصلوا من يهوذا نحو	83	2413	0	-661669885034582406	-7832206851431498392	125	725	24.689655303955078	16	0375AnonymousTranslator.TarikhCalamUrusiyus.MAB020626-ara1.completed	0845Maqrizi.KhabarCanBashar.MMS00013-ara1
985	136	1522	890	-4029061759496275370	3485423447167391186	0375AnonymousTranslator.TarikhCalamUrusiyus.MAB020626-ara1.completed.ms071	0845Maqrizi.KhabarCanBashar.MMS00013-ara1.ms2409	308	-ل-- ف-صا-ر --اميرا--- علي- -ا---لعشر-ة اسبا-ط من ----ب----ني ---اسر-------اءيل التي- --خرجت ---عن ر---ج-يعا--م بن سلي---مان---- ---الذي -ولي ال-------م-لك ب---عد ابيه فولي رجيعام ----الملك عل---ي ب--ني اسرا-ءيل بعد-- ابيه مدة سبع ع-شرة سنة --وكان يوم و-لي- الم-لك ----ا--بن --ا-حدي ---وا-ربعين --سن-ة وكا---ن-ت ا-مه -------ن--عما -بنت ناش ملك --بني عمون -يربعا---م-- --------بن- سليما-----ن ----بن- دا-ءد -ولي س---بع عشر---ة سنة فصارت سنو ال--دنيا --الي اخر زمان- رجي--عا-م -ا--ر------بعة ---ا--ل-اف -----وما---ءتي--ن ---وا------حدي و-عشرين س----ن--------ة ولي ا-----لملك وهو ابن احدي واربعين سنة وهو الذي تفرق ت ب نو اسراءيل علي يديه وخرجت عن طاعته العشرة الاسباط ----------وبقي اميرا علي السبطي ن وهما -سبط --يهوذا وسبط --بنيا---مين -وكان من -خبره ا-ن خيار بني اسراءيل	عليه فم اوريشليم وامدت اليه ماءة وعشرين قنطارا من الذهب ولءلء وجواهر واصنافا من الطيب والمسك والعنبر فاجارها واحسن اليها وانصرفت هكذا في كتاب الانبياء من كتبهم ثم انتقض علي سليمان هذرون ملك الارمن بدمشق وهداد ملك ادوم وكان قد- ولي علي ضواحي بيت المقدس وجميع اعماله برتعام بن نباط من سبط افراثيم وكان خبازا فغنمه الله علي لسان احيا النبي في ذلك فاراد قتله فهرت الي مصر وتزوج بابنة ملكها فولدت له ابنه ناباط فمات سليمان لاربعين سنة من ملكه وقيل اثنين وخمسين قدفن عند ابيه داود وافترق ملك بني اسراءيل من بعده كما سياتي ان شاء الله تعالي وذلك ان سليمان لما توفي ولي ابنه رحبعم وهو ابن احدي واربعين سنة وهو الذي تفرق-ت ب-نو اسراءيل علي يديه وخرج--------ت- العشرة الاسباط علي طاعته وبقي اميرا علي --سبط- يهو-ذا وسبط بنيامين -فقط في عمارة بيت لحم وغزة وصور واشتد علي بني اسراءيل	71	2409	0	4482101899831416231	8040519077580780058	223	771	39.9481201171875	23	0375AnonymousTranslator.TarikhCalamUrusiyus.MAB020626-ara1.completed	0845Maqrizi.KhabarCanBashar.MMS00013-ara1
25	445	489	1052	-4029061759496275370	3485423447167391186	0375AnonymousTranslator.TarikhCalamUrusiyus.MAB020626-ara1.completed.ms129	0845Maqrizi.KhabarCanBashar.MMS00013-ara1.ms2228	289	--م -برثيون واشطاراش و----طولا فبي-نا--ه- ------يجم-ع -ه---ذا- ال-جم--ع ويع--بء --ه----ذه ال-تعبءة -----ن--ظر ف-ي تزوي--ج ابنة له -يقال-------- -لها فلو---بطر-ة من ختن-ه اخي -ا-----مر---اته ال-----تي كا--ن اسم--ه-ا ال-نبيا-ذة -واسم ختن-ه ذل-------ك -----الاسكندر ----وهو خا--ل ولده الا-سكندر الاعظم فبينا-ه ---قبل ال--عرس ب--------يومي--ن يحدث قوا---ده ----في مجلس -له ا-ذ س-ءل في- -بعض --ا---لحديث- اي الميتات احق ان يتمناها الا-نسان فقال الواجب علي الرجل الشريف القوي الظافر المجرب يريد نفسه ا--لا يتمني الموت الا بالسيف فجا-ة لءلا يعذبه المرض وت---سمجه ال--علة وتحل قوته الاوجاع فعجل له ما تمني به في -تلك ا--	وعم البلدان بالغارات والهدم والسبي والنهب تم حشد جميع اهل بلاد الروم وعبا عسكرا فيه ماتتا الف راجل وخمسون الف فارس سوي من كان فيه من المجدونيين اصحابه ومن غيرهم من اجناس اليونانيين يريد غزو الفرس قبينما هو يجمع هذا الجمع اراد تزويج ابنته فلوبطرة من ختنه الاسكندر بن تراوش امير بلد برطاريه من ال-روم وهو اخو امراته النياذه بنت تراوش وهي ام ولد- الاسكندر الاعظم وجلس قبل العرس بيومين يحدث قواده اذ سثل اي الميتات احق ان يتمناها الا نسان فقال الواجب علي الرجل الشريف القوي الظافر المجرب يعني نفسه ان لا يتمني الموت الا بالسيف فجاءه ليلا يعدبه المرض وتحل قوته الاوجاع فعجل الله -له ما- تمني به في ت-لك العرس وذلك انه	129	2228	0	315357497115514686	-2802672332715778524	214	612	47.22222137451172	20	0375AnonymousTranslator.TarikhCalamUrusiyus.MAB020626-ara1.completed	0845Maqrizi.KhabarCanBashar.MMS00013-ara1
32	871	522	1560	-4029061759496275370	3485423447167391186	0375AnonymousTranslator.TarikhCalamUrusiyus.MAB020626-ara1.completed.ms124	0845Maqrizi.KhabarCanBashar.MMS00013-ara1.ms2227	307	هم من ال---روم الغريقيين ا-لذي- ---كانت زوجه النبيا-ذة بنت -ثرا--ءش اخت ا-ل-اسكندر المذك-ور -وهي ام الاسكندر ---ال------اعظم وانا ر----ا-ج-----ع ال-ي وصف ذلك في -بع-ض ال-س-ن-----ين الماضية با-خصر ما -يم-كنني و--ا--جمع -ما عليه --ا--ن شاء ---ا---لله الباب الرابع- من- ---ال--جزء ال---ثالث -ولي الملك في بل---د -مجذوني--ة -فلبش ---بن ----ا--منته --بن ---هرك-لش --الذي ----ه-و ---ابو-- الاسك-ن---در ا----لا----عظم-- -بعد ---بني--ا---------ن ------م-دين-ة --رومة الي ا-ربعم-اءة --سنة و-----ثلا-----ث ---------وعشري----------------ن-- --سنة -----وكان----ت- -ولا-يته خمسا وعشرين سنة استنبط فيها ضروبا من المنكر وابتدع انواعا من الشر تقدم فيها كل من ولي الملك بها قبله وكان في اول امره قد جعله اخوه	هم من ولد دارا فلما ق-ام اردشير بن بابك -قتل الاشغانية كما ستراه ان شاء الله تعالي الاسكندر بن قلبش الاسكندر بن فلبش بن امثته بن هركلش الجبار بن الاسكندر الاعظم ويعرف الاسكندر صاحب الترجمة بالاسكندر المقدوني ويقال فيه الاسكندر الاعظم وهو يوناني ومن الناس من يزعم انه ذو القرنين الذي ذكره الله تعالي في القران والذي يظهر انهما اثنان فذو القرنين غربي والاسكندر يوناني وبينهما دهر طويل وقد كان فلبش ابو الاسكندر ملك ببلد مجدونيه التي يقولها بعضهم مقدونية بالقاف وهي احدي مداءن الروم وكانت ولايته في سنة ثلاث وعشرين واربعماءة من بناء مدينة روما وكانت مدته في الملك خمسا وعشرين سنة استنبط فيها ضروبا من المنكر وابتدع انواعا من الشر يقدم فيه- كل من ولي الملك بها قبله وكان في اول امره قد جعله اخوه	124	2227	0	4835226040095044809	5946233945783389391	220	692	44.36416244506836	29	0375AnonymousTranslator.TarikhCalamUrusiyus.MAB020626-ara1.completed	0845Maqrizi.KhabarCanBashar.MMS00013-ara1
1189	1	1585	380	-4029061759496275370	3485423447167391186	0375AnonymousTranslator.TarikhCalamUrusiyus.MAB020626-ara1.completed.ms132	0845Maqrizi.KhabarCanBashar.MMS00013-ara1.ms2230	286	الاسكندر جميع عسكر الفرس واصاب فيه من الذهب والفضة والامتعة الشريفة ما لا تحصي كثرة واصيب في جملة الاس-ري ام داري و--زوجه واخته وابنتاه فطلب داري فديتهن من الاسكندر بنصف ملكه فلم يجبه الاسكندر الي ذلك ثم ان داري عبا مرة ثالثة -----الفرس من عند اخرهم واستجاش بكل من قدر عليهم من الامم فبيناه يعبء لذلك بعث الاسكندر قاءدا يدعي يرميون بن مجذونيا في اصطول للغارة علي بلد الفرس ومضي الاسكندر الي بل--د -سورية -وال-	الاسكندر جميع عسكر الفرس واصاب فيه من الذهب والفضة والامتع--------ة ما لا يحصي كثرة واصيب في جملة الاساري ام دارا وامراته واخته وابنتاه فطلب دارا قديتهن من الاسكندر بنصف ملكه فلم يجبه ---------الي ذلك تم ان دارا عبا مرة ثالثة وحشد الفرس من عند اخرهم واستجاش بكل من قدر عليه من الامم فبينما هو يعني كذلك بعث الاسكندر قاءدا مجدونيا في اسطول -------------للغارة علي بلد الفرس ومضي الاسكندر الي الشام فتلقاه هنالك	132	2230	0	7002854641275350999	7543072457349345702	229	409	69.92665100097656	45	0375AnonymousTranslator.TarikhCalamUrusiyus.MAB020626-ara1.completed	0845Maqrizi.KhabarCanBashar.MMS00013-ara1
988	1	1607	625	-4029061759496275370	3485423447167391186	0375AnonymousTranslator.TarikhCalamUrusiyus.MAB020626-ara1.completed.ms132	0845Maqrizi.KhabarCanBashar.MMS00013-ara1.ms2225	594	حتي انهزم داري ونزلت الوقيعة بالفرس فقتل من رجلهم نحو من ثمانين الفا ومن فرسانهم نحو من عشرة الاف واسر منهم نحو من اربعين الفا ولم يسقط من المجذونيين الا ماءتان وثلاثون راجلا وماءة وخمسون فارسا فانتهب الاسكندر جميع عسكر الفرس واصاب فيه من الذهب والفضة والامتعة الشريفة ما لا تحصي كثرة واصيب في جملة الاس-ري ام داري وزوجه واخته وابنتاه فطلب داري فديتهن من الاسكندر -بنصف ملكه فلم يجبه الاسكندر الي ذلك ثم ان داري عبا مرة ثالثة----- الفرس من عند اخرهم واستجاش بكل من قدر عليهم من الامم فبينا-ه- يعبء لذلك بعث الاسكندر قاءدا يدعي يرميون بن ----مجذونيا في اصطول للغارة علي بلد الفرس ومضي الاسكندر الي بلد سورية والشام فتلقاه هنالك كثير --	حتي انهزم دارا ونزلت الوقيعة بالفرس فقتل من رجلهم نحو من ثمانين الفا ومن فرسانهم نحو من عشرة الاف واسر منهم نحو من اربعين الفا ولم يسقط من المجدونيين الا ماتتان وثلاثون راجلا وماءة وخمسون فارسا فانتهب الاسكندر جميع عسكر الفرس واصاب فيه من الذهب والفضة والامتعة الشريفة ما لا يحصي كثرة واصيب في جملة الاساري ام دارا وزوجه واخته وابنتاه فطلب دارا قديتهن من الاسكندر وبنصف ملكه فلم يجبه ال---------ي ذلك تم ان دارا عبا مرة ثالثة وحشد الفرس من عند اخرهم واستجاش بكل من قدر عليه- من الامم قبينا هو يعني لذلك بعث الاسكندر قاءدا يدعي يرميون بن يوب مجدونيا في اسطول للغارة علي بلد الفرس ومضي الاسكندر الي بلد سوريا والشام فتلقاه هنالك كثير من	132	2225	0	7002854641275350999	679553148328452170	480	634	93.69084930419922	95	0375AnonymousTranslator.TarikhCalamUrusiyus.MAB020626-ara1.completed	0845Maqrizi.KhabarCanBashar.MMS00013-ara1
853	818	1573	1600	-4029061759496275370	3485423447167391186	0375AnonymousTranslator.TarikhCalamUrusiyus.MAB020626-ara1.completed.ms070	0845Maqrizi.KhabarCanBashar.MMS00013-ara1.ms2802	248	ام في عصرهم ذلك وتكلم في الشجر والنبات والحيوان والهوام وفي انواع العلوم وصنوف الفلسفة بما لم يقدر عليه غيره وانه ابتدا ببنيان بيت الله في السنة الرابعة من ولايته واتمه في السنة الحادية عشر -------------------------------------------------فكانت مدة بنيانه سبع سنين واشهر-ا وعمل في بنيان قصره وموضع مقعده وبنيان قصر ابنة فرعون التي كانت زوجته ثلاث عشرة سنة وكان فيما بناه من ذلك من شنيع البنيان وعجيب التركيب وكثرة الذهب وانواع الجواهر والعجاءب ما لا يحتاج الي وصفه مع وصف كتب اخبار الانبياء له ولم يبق احد من الملوك المجاورين له والمحيطين به وراسله اليه وجوه دولته وكل اعانه بما احتاج اليه في البنيان من الالات والخشب والحجار- والذهب والفضة وضروب الاشياء التي يحتاج اليها و--وفدت ال--يه -مل---كة ----سبا- ----رغبة م----نها- في -ا---ستماع ع--لو-مه -ورءية --سيره واحك--ا-مه -وكا--ن -ت خيله- -ا--ر------بعين -الفا--- وا-فراسه ال--	ادرع الي عشرة اذرع واقام علي العمال من القهارمة والوكلاء ثلاثة الاف رجل وثلاثماءة رجل وابتدا في البنيان في السنة الرابعة من ولايته وذلك في شهر ايار لتمام اربعماءة وثمانين سنة من خروج بني اسراءيل من مصر واتمه في السنة الحادية عشر من ولايته فكانت مدة بنيانه سبع سنين واشهر او عمل في بنيان قصره وموضع مقعده وبنيان قصر زوجته ابنة ملك مصر ثلاث عشرة سنة فجاءت مبانية من عجيب التركيب وفخامة المقدارة وعظم الهندام وكثرة الذهب وانواع الجواهر وكثرة العجاءب ما تشنع حكايته ولم يبق احد من الملوك الا وهاداه وراسله واوقد اليه وجوه دولته واعانه --------------------------------------------بما احتاج اليه في البنيان من الالات والخشب والحجارة والذهب والفضة وساءر الاشياء التي يحتاج اليه- وعمل من القدور والجوابي والاسطال والمراجل من النحاس ما لا يحصي به عدة وعمل في بيت المقدس وهيكل الله من المنابر الذهب والشرح والاوعية والماءدة والمسارح التي	70	2802	0	-7496962116721826030	-9043537631546169759	188	827	29.98790740966797	25	0375AnonymousTranslator.TarikhCalamUrusiyus.MAB020626-ara1.completed	0845Maqrizi.KhabarCanBashar.MMS00013-ara1
1211	264	1567	629	-4029061759496275370	3485423447167391186	0375AnonymousTranslator.TarikhCalamUrusiyus.MAB020626-ara1.completed.ms080	0845Maqrizi.KhabarCanBashar.MMS00013-ara1.ms2426	234	ا-نت و---ل-ا---يته سبع عشرة سنة وكانت سيرته قبيحة علي مثال سيرة يربعام بن نباظ الذي ضلل بني اسراءيل فغضب الله لذلك علي بني اسراءيل واسلمهم في يدي شريال ملك السريانيين -ثم ما---ت -يوغاص ودفن مع -اباءه- -في -مدي------نة -سا--م-----رية و-ولي الملك بعده --ابنه -ي-واش وذل----ك -----في السنة السابعة والثلاثين من ولاية يواش بن احزيا ملك يهوذا وكانت ولايته ست عشرة سنة ومضي -في افعاله علي -م-ثل كفر يربعام -بن- --ن	ابنه ويقال ابن عاص سبع عشرة سنة وكانت سيرته قبيحة علي مثال سيرة يربعام بن نباط فسخط الله --------------------------علي بني اسراءيل واسلمهم في يد----ي-- ملك السريانيين بعد ما خرب بلادهم وقتل كل من فيها حتي لم يبق للملك الا حمور فارسا وعشرة ال-اف راجل ثم مات ايرغاص وولي بعد ابيه في السنة السابعة والثلاثين من مل--ك يواش بن احزيا ملك يهوذا -فا----قا--م ست عشرة سنة -علي مثل كفر يربعام ثم هلك وولي بعده ابنه ابن	80	2426	0	2877698717598961417	7850229827977008693	176	408	57.35293960571289	30	0375AnonymousTranslator.TarikhCalamUrusiyus.MAB020626-ara1.completed	0845Maqrizi.KhabarCanBashar.MMS00013-ara1
40	740	827	1500	-4029061759496275370	3485423447167391186	0375AnonymousTranslator.TarikhCalamUrusiyus.MAB020626-ara1.completed.ms073	0845Maqrizi.KhabarCanBashar.MMS00013-ara1.ms2856	345	ايها المذبح هذا ما يقوله الرب سيولد في بيت داءد ولد يدعي يوشيا يذبح عليك القسيسين الذين يذبحون عليك اليوم الذباءح ويوقد عليك عظام بني ادم واية ذلك ان هذا المذبح سينشق وينتثر الرماد الذي عليه فلما سمع يربعام الملك قوله مد يده وقال خذوه لا يفت فيبست يده ولم يقدر علي قبضها الي نفسه وانشق المذبح وانتشر الرماد ففزع الملك وساله ان يدعو الله ليرد اليه يده ففعل وعادت علي ما كانت عليه وله في ذلك معه اخبار كثيرة تركنا ذكرها في هذا الكتاب الا ان يربعام في كل ذلك لم يرجع عن قبيح سيرته وسوء مذهبه ومرض بعد ذلك ولد له فلما غمه امره امر امراته ان تتنكر وتبلغ الي اجيا النبي وتساله عن امره وكان اجيا النبي يومءذ شيخا كبيرا لا يبصر من الكبر فنباه الله بمجيءها اليه فلما دنت منه نادي بها قبل دخولها عليه وقال لها ادخلي يا --زوج يربعام بن نب---اظ --ل-------جي في امر- -----شديد هذا ما يقول الرب ليربعام اني ---شرفتك علي -علي	ايها المذبح هذا ما يقول- الرب سيولد في بيت داود ولد يدعي يوشيا يذبح عليك ال-احبار الذين يذبحون عليك------ الذباءح ويوقد عليك عظام بني ادم واية ذلك ان هذا المذبح -ينشق وين-شر الرماد الذي عليه فلما سمع يربعام قوله مد يده وقال خذوه فيبست يده ولم يقدر علي قبضها وانشق المذبح وانتشر الرماد كما قال اجيا ففزع يربعام وسال اجيا ان يدعو الله تعالي ليرد اليه يده ففعل وعادت يده اليه علي ما كانت فساله يربعام ان يدخل معه الي منزله ويتغدي عنده فلم يفعل وتركه وانصرف فلم يرجع يربعام عن شء مذهبه الي ان مرض له ولد فاغتم لمرضه وامر امراته ان تتنكر وتاتي اجيا فتساله عن امره وكان اجيا قد شاح وصار لا يبصر فنباه الله بمجيتها ----------------------------------------اليه فلما دنت منه نادي بها قبل دخولها عليه وقال لها ادخل- يا امراة يربعام بن نباط ان الله قد اوحي في امرك بامر شديد هذا ما يقول الرب ليربعام اني قد شرفتك علي قومي	73	2856	0	-3786089700052990603	8235715441788107761	262	811	42.54007339477539	55	0375AnonymousTranslator.TarikhCalamUrusiyus.MAB020626-ara1.completed	0845Maqrizi.KhabarCanBashar.MMS00013-ara1
737	9	966	308	-4029061759496275370	3485423447167391186	0375AnonymousTranslator.TarikhCalamUrusiyus.MAB020626-ara1.completed.ms070	0845Maqrizi.KhabarCanBashar.MMS00013-ara1.ms2802	189	اثة ال--ا-ف مثل -وفي ---الكلا-م ال-موزون -الف قصيدة وخمس قصاءد ------------في طريق التهليل علي مثل ما كان الانبياء يستعملون فيه موزون الكلام في عصرهم ذلك وتكلم في الشجر والنبات والحيوان والهوام و--في انو-ا--ع ال--عل-وم- -وصنوف- -ال-------فل-سفة -بما- ---ل-م --------------------يقدر عليه غيره -و----ا-نه	اهل المشارق والمغارب وكتب ثلاثة الاف مثل والف قصيدة وخمس قصاءد موزونة كلها في طريق التهليل علي---- ما كان الانبياء يستعملون فيه موزون الكلام في عصرهم ذلك وتكلم في الشجر والنبات والحيوان والعوام والطيور وما في ذلك كله من المنافع والمصار وتكلم في انواع العلوم وصنوف الحكمة بما لم يقدر عليه غيره ووفدت اليه	70	2802	0	-7496962116721826030	-9043537631546169759	151	303	62.37623596191406	23	0375AnonymousTranslator.TarikhCalamUrusiyus.MAB020626-ara1.completed	0845Maqrizi.KhabarCanBashar.MMS00013-ara1
113	148	515	662	-4029061759496275370	3485423447167391186	0375AnonymousTranslator.TarikhCalamUrusiyus.MAB020626-ara1.completed.ms099	0845Maqrizi.KhabarCanBashar.MMS00013-ara1.ms2213	260	ا-بيل ---وذل-----ك بعد ا-رتفاع و--ثلاثين- سنة ال-تي ----هم ال-يوم -فيه--ا ---قال ---هرو-شيوش بعد -بن--ي-----ان ---رو--مة ا----لي --ما-ءتي--ن ---وخمس ولي ملك الفرس --داري- -----بعد -ا-ن -قتل ---جيرش ---ا-----ل--ملك ف--ي بلد ----وبعد ا--ن ولي قل--ي-لا قنبيشاش بن جير-ش --وهو ال-ذي كان- غلب اهل مصر وهدم اوثانهم ونقض-------- فقام عليه لذلك السحرة فقتلوه فصار الملك بعده الي داري المذكور بان قتل السحرة واتفق بعد ذلك عليه جميع اهل فارس وولوه امرهم سلطان الفرس ورد--- طاعة السري-انيين الي---هم- -----ف--بعد ان ---اتف--ق له هذه ---ال	البيت فعرض لهم فيه بعض اعداءهم ويغوهم عند ملك الفرس وخوفوه خلافهم عليه في تلك المدينة وذكروه بما كان فيه سلفهم فوقفوا من اجل ذلك عن المضي في البنيان حتي الي السنة الثانية من ولاية ذاري وذكر هروشيوش ان الذي ولي ملك فارس بعد قتل جيرش الملك في يلدشيسيه قنيلساش بن جيريش زمانا قليلا وانه غلب اهل مصر وهدم اوثانهم ونقض شراءعهم فقام عليه لذلك السحرة فقتلوه فصار الملك بعده الي دارا فقتل -----------السحرة واتفق بعد ذلك عليه جميع اهل فارس وولوه امرهم -خمان-ي بنت اردشير بهمن خماني بنت اردشير بهمن بن اسفندياد بن لستاسف بن لهراسب ويقال	99	2213	0	3979471371771526731	6911326892051622407	189	527	49.33586502075195	26	0375AnonymousTranslator.TarikhCalamUrusiyus.MAB020626-ara1.completed	0845Maqrizi.KhabarCanBashar.MMS00013-ara1
739	861	1294	1492	-4029061759496275370	3485423447167391186	0375AnonymousTranslator.TarikhCalamUrusiyus.MAB020626-ara1.completed.ms135	0845Maqrizi.KhabarCanBashar.MMS00013-ara1.ms2231	473	ال--ا-جناس الكثي---رة من- --كل -من يسكن ---في ---احواز -جبل ق-وقاشوا وبلد ال-س-ند- ---وبني- هنالك- -----------------ايضا- مدينة -----وسما--ها -باسمه ال--ا--سكندرية --علي نهر طن-اين قال ----هر---وشيش ولقد كان علي الادنياء مثله علي البعداء وذلك انه قتل ابن عم له ي---دعي الميطه وقتل جل اقاربه وقتل جماعة من اشراف مجذونية غيرة علي الملك وقتل رجلا من ذوي الاتصال به والادلال عليه يدعي لنصله وكان من خبره انه بين-ا-ه- يوما علي طعام وشراب ذكر ذلك الرجل علي الثقة بمودته خصال ابيه فلبش فظهر للاسكندر في لفظه انه سوي اباه به في الخصال فحول يده اليه بالسيف فقتله وكان لا -------من دماء الناس ولا يكفيه شء من قتل الاباعد والاقارب ثم مضي محاربا	الي ان مات اثنتي عشرة سنة وقيل كان ملكه اربعة عشرة سنة ولما قتل دارا -غلب الاسكندر علي جميع ممالكه تم توجه فغلب علي اجناس كثيرة حتي بلغ السند وبني هنالك ايضا مدينة سماها الاسكندرية قال في تاريخ روما ولقد كان علي الاولي-- مثله علي البعداء وذلك انه قتل ابن عم له يقال له الميطة وقتل جل اقاربه وقتل جماعة من اشراف مجدونية غيرة علي الملك وقتل رجلا من ذوي الاتصال به والادلال عليه يدعي لنصله وكان من خبره انه بينما هو يوما علي طعام وشراب ذكر ذلك الرجل علي الثقة بمودته خصال ابيه فلبش فظهر للاسكندر فم لفظه انه سوي اباه به في الجصال فحول يده اليه بالسيف فقتله وكان لا يستشفي من ذماء الناس ولا يكفيه شء من قبل الاباعد والاقارب ثم مضي محاربا	135	2231	0	8592620212746336603	-3798957543832462157	367	634	74.60567474365234	75	0375AnonymousTranslator.TarikhCalamUrusiyus.MAB020626-ara1.completed	0845Maqrizi.KhabarCanBashar.MMS00013-ara1
372	1	722	361	-4029061759496275370	3485423447167391186	0375AnonymousTranslator.TarikhCalamUrusiyus.MAB020626-ara1.completed.ms098	0845Maqrizi.KhabarCanBashar.MMS00013-ara1.ms2213	332	علي اهل طاعته بالاموال والاقوات وجمع خيارهم وبرء اليهم -الاواني من الذهب والفضة التي كان اصابها بخت نصر في يروشالم فرجعوا الي الشام وابتدءوا ببنيان البيت فعرض لهم فيه بعض اعداءهم وبغوهم عند ملك الفرس وخوفوه خلافهم عليه في تلك المدينة وذكروه بما كان ----سلفهم فوقفوا من اجل ذلك علي المضي في البنيان حتي الي السنة الثانية من ولاية داري و---ليتم قو---ل الله علي ال-	علي اهل طاعته بالاموال والاقوات وجمع خيارهم ويري اليهم بالاواني من الذهب والفضة التي كان اصابها بخت نصر في يروشالم فرجعوا الي الشام وابتدءوا -بنيان البيت فعرض لهم فيه بعض اعداءهم ويغوهم عند ملك الفرس وخوفوه خلافهم عليه في تلك المدينة وذكروه بما كان فيه سلفهم فوقفوا من اجل ذلك ع-ن المضي في البنيان حتي الي السنة الثانية من ولاية ذاري وذكر هروشيوش ان الذي ولي ملك	98	2213	0	4217654172307347321	6911326892051622407	269	362	91.71270751953125	53	0375AnonymousTranslator.TarikhCalamUrusiyus.MAB020626-ara1.completed	0845Maqrizi.KhabarCanBashar.MMS00013-ara1
227	225	1071	1515	-4029061759496275370	3485423447167391186	0375AnonymousTranslator.TarikhCalamUrusiyus.MAB020626-ara1.completed.ms071	0845Maqrizi.KhabarCanBashar.MMS00013-ara1.ms2803	503	ال-نساء من ال--اجناس ببني اسراءيل فتزوج -ابنة -فرعون -م-واب وبن--ي -عمون -وبني ---اذوم- وا----ه----ل -صيدا وا-هل -جثا --وكان -وطاءعا-- لاوامر-هن وكان -----ن---سا-ءه ال-لاءي ي-نزلن منه منزلة الازواج -سبعماءة ---واللاء ي ---ي-نزلن -منه -م-ن--زلة ا--لسرا---ري-- ثلاثماء--ة حتي بلغ- ---به ------حب----ه ---------------------في--هن--- ----ا-ن -----ا----غضب الله -----------وتوعده بان يزيل الملك عنه ويصيره الي ا حد رجاله وقال له لاجل داءد النبي عبدي لا ازيله عنك طول حياتك لكن ازيله عن ابنك وانفسد عليه نظام امره وثار عليه كثير من القباءل منهم وهذذ بن اليذع الاذومي وغيره ونكدوا عليه -------ونغصوا عليه ما وهب الله له من الهد-نة والصلح -------و--ك-ان --قد هم- --ب--ا------ل--خلاف عليه --في ---اخر -ا---ي-ا-مه احد --خدامه- من ب------ني-- -اسراءيل ----واسمه -يربعام -بن ن--با--ظ من -س---ب-ط --ا--ف-ر---ا-ي-م-- -بن---- ---يوسف و-كان ول---------اه ----ع---مل ----بني ---------------------------------------------------------------------------------------ي-----و--------------س------ف- -------------------------------------------------------------------ثم -----ا---ن------------------ه -------------------------------استوجب عنده حكما فلما اراد سليمان الانتقام منه هرب عنه الي مصر فلم يزل بمصر هاربا حتي توفي سليمان فلما توفي -رجع الي ارض بني اسراءيل فصار ا----ميرا علي -الع--شرة -اسباط --م-ن --بني- ا-----سر--اءيل --ال--تي خرجت --عن -رجيعا---م-- ---بن سليمان الذي-- --ول---ي- --ال	الف راس من الغنم وديح بنو اسراءيل ذباءح عظيمة جدا ثم عمل سليمان عيدا مدة اربعة عشر يوما ما حضره جميع بني اسراءيل وبني سليمان سور حجارة من كثرتها وكان سليمان محبا في النساء- يستكثر من- -نساء الاجناس التي حول بني اسراءيل كبني مءاب وبني عمون وبني ادوم واهل صيدا وغير هءلاء حتي بلغت نساءه اللاتي بمنزلة الازواج سبعماءة واللاتي بمنزلة السراري ثلاثماءة فعتب الله تعالي عليه وتوعده بان يزيل الملك عنه ويصيره الي احد رجاله فانفسد -----------------------------------------------------------------------عليه نظام امره وثار عليه كثير من القباءل منهم وهدد بن البدع الاذومي وغيره ونكدوا عليه مسراءه ونغصوا عليه ما وهب الله له من الهدانة والصلح والامن وذلك ان وهدد لما خرب داود ظليله بلاد ادوم وقتل كل ذكر كان فيها في مدة ستة اشهر فز بوهدد عبيده وهو صغير وخرجوا به من ادوم حتي نزلوا فاران فسار بهم رجال فاران الي مصر فانزلهم ملك مصر واجري عليهم الارزاق واقطع وهدد ارضاءهم ثم زوجه لما بلغ باخت زوجته فولدت له ولدا ذكرا وما زال عنده حتي مات داود فرده الي ملك ابيه بادوم فصارت صيدا لسليمان في اخر ايامه وعاند سليمان ايضا ملك دمشق وضيق علي بني اسراءيل وكان يزيعام بن نباط بن سبط افرايم قد ولاه سليمان علي بني افرايم بن يوسف فاستوجب عنده حكما فلما اراد سليمان الانتقام منه هرب عنه الي مصر فلم يزل -----هاربا حت- نوفي سليمان فرد حينءذ وملك علي الاسباط العشرة لقمان الحكيم حم ممم م معم ههم م مهمم لقمان الحكيم الذي ذكره الله تعالي في قوله ولقد ءاتينا لقمان الحكمة لقمان الايات اختلف فيه فقال	71	2803	0	4482101899831416231	6438298229506181629	368	1370	36.715328216552734	48	0375AnonymousTranslator.TarikhCalamUrusiyus.MAB020626-ara1.completed	0845Maqrizi.KhabarCanBashar.MMS00013-ara1
644	480	1117	1024	-4029061759496275370	3485423447167391186	0375AnonymousTranslator.TarikhCalamUrusiyus.MAB020626-ara1.completed.ms035	0845Maqrizi.KhabarCanBashar.MMS00013-ara1.ms2635	406	-س-اري- -وسا-ر--ي- -ولد- --------ايوب ال-نبي ---المبتل-ي --بالجذام- --ثم ا--ع-اد الله- الي--ه -صحته و-ا---خلف--- -عل-يه ما تلف --له من الما---ل -----وم--ا-- -هلك --له من ---البنين والعب----يد ومن هءلاء الخمسة تفرقت قباءل عيصو وتشعبت ارهاطه ولزم السكني بارض ساعير في افنية فلسطين حتي كثروا ونموا الي زمان بخت نصر الجبار فغزاهم وقتلهم -قتلة عظيمة فلم يقدروا علي المقام في ديارهم خشية منهم لمن جاورهم من الامم فيهلكوا بقيتهم فلحقوا بالروم اليونانيين فساكنوهم وجاوروهم وذهب نسبهم بينهم وبعض منهم سكنوا في قسم افريقية فدرجوا بين القباءل يعقوب ---بن --ا-	اسماعيل بن ابراهيم فولدت له بشمت ابنه الاكبر رغوال وولدت له التي من حيثم اربعة نفر وهم اليفاد وهاغو وغالوم وفورح فولد رغوال بن عيصو بن اسحاق بن ابراهيم ساري وولد ساري بن رغوال ايوب النبي وشيش ومن هءلاء الخمسة تفرقت قباءل عيصو وتشعبت ارهاط- ولزم السكني بارض ساعير في افنيد فلسطين حتي كثروا ونموا الي زمان بخت نصر الجبار فغزاهم وقتلهم مقتلة عظيمة فلم يقدروا علي المقام في ديارهم خشية منهم لمن جاورهم من الامم فيهلكوا بقيتهم فلحقوا بالروم اليونانيين فساكنوهم وجاوروهم وذهب نسبهم بينهم وبعض منهم سكن-- في قسم افريقيا فدرجوا بين القباءل -وقال اخرون وكان	35	2635	0	-1683934606870685791	-6372837860628389388	325	548	74.08759307861328	53	0375AnonymousTranslator.TarikhCalamUrusiyus.MAB020626-ara1.completed	0845Maqrizi.KhabarCanBashar.MMS00013-ara1
1505	1	1583	91	-4029061759496275370	3485423447167391186	0375AnonymousTranslator.TarikhCalamUrusiyus.MAB020626-ara1.completed.ms099	0845Maqrizi.KhabarCanBashar.MMS00013-ara1.ms2216	75	ا-ل-----يشا فبينا-هم في ذلك اذ بلغهم ان الفرس مقيمون في محلة واحدة اربعة ايام----- كان لهم	اللجدمونيين قبينا هم في ذلك اذ بلغهم ان الفرس مقيمون في محلة واحدة اربعة ايام لعيد كان لهم	99	2216	0	3979471371771526731	5726768725156896641	60	90	83.33333587646484	13	0375AnonymousTranslator.TarikhCalamUrusiyus.MAB020626-ara1.completed	0845Maqrizi.KhabarCanBashar.MMS00013-ara1
136	223	1412	1620	-4029061759496275370	3485423447167391186	0375AnonymousTranslator.TarikhCalamUrusiyus.MAB020626-ara1.completed.ms099	0845Maqrizi.KhabarCanBashar.MMS00013-ara1.ms2215	871	لاثين سنة التي هم اليوم فيها قال هروشيوش بعد بنيان رومة الي ماءتين وخمس ولي ملك الفرس داري بعد ان قتل جيرش الملك في بلد وبعد ان ولي قليلا قنبيشاش بن جيرش وهو الذي كان غلب اهل مصر وهدم اوثانهم ونقض فقام عليه لذلك السحرة فقتلوه فصار الملك بعده الي داري المذكور بان قتل السحرة واتفق بعد ذلك عليه جميع اهل فارس وولوه امرهم سلطان الفرس ورد طاعة السريانيين اليهم فبعد ان اتفق له هذه الامور رام محاربة امير شيسية ---------------------------------------------------------------------------------------------------------------------------------------------واسمه انطيره ولي الامر بعد طمريش الملكة فخرج اليه بجميع جيوشه طالبا للثار القديم اعني قتل جيرش وقواده وجنوده واكثر ذلك فعلي ابايته عنه فيما كان ساله من تزويج ابنته منه فجمع داري عساكرا ما يكاد خبره يصدق لكثرته وذلك سبعماءة الف مقاتل قال هروشيش من العجب ان يكون سبعماءة الف رجل يتعرضون الموت في جنب منفعة رجل واحد من اتيان شهوته فلما دخل داري بلد شيسية واشن خيله ورجالته في الغارات علي انعامهم واموالهم اقبل اهل البلد فقاتلوا اطراف محلاته حتي غلبوا عليها ودخله الرعب وخاف ان يسبق الي قنطرة نهر هشتريش فترك ثمانين الفا من عسكره متفرقين في الغارات واسرع الخروج هاربا فلم ير فقد ثمانين الفا مصيبة لكثرة من كان معه علي ان ثمانين الفا قل من تجتمع له فكيف بمن تذهب عنه فلا يحس بفقدها ثم دخل بلد اشيا وبلد مجذونية فغلب عليهما وغلب بالمراكب علي اكثر بلاد اليونانيين ثم تنقل الي الاثنياش-ين وقد حمي غضبه عليهم لتاييدهم اليونانيين فلما علم الاثنياشيون اقباله اليهم استغاثوا باخوتهم	الجارية من اليهود التي كان تزوجها الملك قلت قد وهم هروشيوس فان واقعة هامان الوزير انما كانت في ايام اردسين بن ماتك ورجوع بني اسراءيل الي بيت المقدس وعمارته قد كان قبل واقعة هامان فاعلمه قال هروشيش وقلد عزيز بن شمويل القس الهاروني النبي الحكومة في البلدان المجاورة لهم فرجعوا الي الشام من جميع الافاق وبنوا المدينة والبيت بمعونة ملك الفرس لهم ورءيسهم ضزءبابيل بن يخونيا من سبط يهوذا ثم من رهط سليمان بن داود واقاموا اود سلطانهم وسننهم واعيادهم وشروط قسيسيهم علي ما كانوا عليه قبل غارة بخت نصر عليهم وبعد ان اتفق له هذه الامور دام محاربه امير شيسبة واسمه انطيره ولي الامر بعد طمريش الملكة ----------بجميع جيوشه طالبا للثار القديم اعني قتل جيرش وقواده وجنوده واكثر ذلك فعلي ابايته عنه ف-ما كان ساله من تزويج ابنته منه فجمع دارا عس-كرا ما يكاد خبره يصدق لكثرته وذلك سبعماءة الف مقاتل قال------- من العجب ان يكون سبعماءة الف رجل يتعرضون الموت في جنب منفعة رجل واحد من اتيان شهوته فلما دخل دارا بلد شيسبة واشن خيله ورجال-ه ف- الغارات علي انعامهم واموالهم اقبل اهل البلد فقاتلوا اطراف مخلاته حتي غلبوا عليها ودخله الرعب وخاف ان يسبق الي قنطرة نهر هشتريش فترك ثمانين الفا من عسكره متفرقين في الغارات واسرع الخروج هاربا فلم ير فقد ثمانين الفا مصيبة لكثرة من كان معه علي ان ثمانين الفا قل من تجتمع له فكيف بمن تذهب عنه فلا يخش بفقدها تم دخل بلد اشيا وبلد مجدونية فغلب عليهما وغلب بالمراكب علي اكثر بلاد اليونانيين ثم تنقل الي الاثنياشيين وقد حمي غضبا عليهم لتاييدهم اليونانيين فلما علم الاثنياشيون اقباله اليهم استعانوا باخوتهم	99	2215	0	3979471371771526731	2518264378364197000	699	1418	61.42454147338867	142	0375AnonymousTranslator.TarikhCalamUrusiyus.MAB020626-ara1.completed	0845Maqrizi.KhabarCanBashar.MMS00013-ara1
148	637	1109	1380	-4029061759496275370	3485423447167391186	0375AnonymousTranslator.TarikhCalamUrusiyus.MAB020626-ara1.completed.ms255	0845Maqrizi.KhabarCanBashar.MMS00013-ara1.ms2927	244	الف فلما انقضي كفر اليهود في المسيح كان في ذلك اليوم في الدنيا كلها هدة وزلزلة هدت لها الجبال وتصدعت منها الصخر ------------------وانهدم كثير من المداءن علي خلاف العادة وما عرفه الناس قبلها وكسف بالشمس ذلك النهار من الساعة السادسة الي اخر النهار حتي صار باقي النهار ليلا وفي ذلك قال مركش الشاعر الروماني وكان مجوسيا لما راي الناس الكسوف مخالفا لسبيله حسبوه ليلا سرمدا فزعت له الدنيا وظنت انه امرا عليها لا يزال مءبدا وفيها يقول صلبت بنو يعقوب يوما ربها ايسوعها فاديها الممجدا ظنت بان تخفي بذلك امره وابي الاله في امره الا الهدي ثم ذكر الحواريين فقال وكانني حينا بنور اياته يعلو ويسمو في الدهور مويدا وهي كلمة طويلة ولم يغب عن احد ان تلك الظلمة لم تكن من قبل كسوف الشمس المعروف لها لانها لم تكن في وقت اجتماع القمر مع الشمس علي ما يكون عليه الكسوف لان تلك الظلمة كانت في ليلة خمسة عشر من الشهر القمري والقمر بدر ولا يمكن احد ان يقول انه كان من قبل غيم لانه كان عاما في افاق الدنيا ولان النجوم بقيت------ -في-- -ال--سما--ء -ظاهرة ---م--نيرة بقية ذلك ال---نهار --وقد و-صف ذلك -كتاب ال--انجي--ل-- ون--ص---ه ووصفه --ايضا وحك	الارض ظلمة من الساعة السادسة من النهار المذكور الي الساعة التاسعة منه حتي صار النهار شبه الذيل وحدثت هدة وزلزلة تصدعت منها الصخور وانهدم كثير من المداءن علي خلاف العادة وانشد هروشيش في كتاب تاريخ مدينة رومية اشعار غربت من اللغة القديمة الي لغة العرب منها قول مركش المجوسي الشاعر الطويل ------------------------------لما راي الناس الكسوف مخالفا لسبيله حسبوه ل-لامر مدا فزعت له الدنيا وظنت انه امرا عليها لا يزال موبدا وذكر ان هذه الظلمة لم تغب عن احد وانها لم تكن من جهة كسوف الشمس لانها كانت في ليلة خمس عشرة من الشهر القمري وكسوف الشمس لا يكون الا وقت اجتماع الشهرين اخر الشهر ولم يكن ايضا من غيمة لان الظلمة كانت عامة -----------------------------------------------------------------------------------------------------------------------------------------------------------------------------------------------------------------------------------------------------في افاق الدنيا ولان النجوم بقيت ظاهرة منيرة قالوا وانزل افصلوب بعدما سمر واقام علي الخشبة ست ساعات وانه رشي الشرط علي ان يقولوا ان اصحابه سرقوه ففعلوا ذلك	255	2927	0	-1900647082022245131	4996802146509533850	182	1019	23.945043563842773	27	0375AnonymousTranslator.TarikhCalamUrusiyus.MAB020626-ara1.completed	0845Maqrizi.KhabarCanBashar.MMS00013-ara1
1	386	1605	1560	-4029061759496275370	3485423447167391186	0375AnonymousTranslator.TarikhCalamUrusiyus.MAB020626-ara1.completed.ms133	0845Maqrizi.KhabarCanBashar.MMS00013-ara1.ms2230	988	من ملوك الدنيا خانعين له فعفا عن بعض ونفا بعضا وقتل بعضا ثم مضي الي احواز طرسوس وكانت مدينة زاهرة قديمة عظيمة الشان وكان اهلها واثقين بعون اهل افريقية لهم لصهر كان بينهم فحاصرهم فيها حتي افتتحها ثم مضي منها فاصاب بلد جليجية وبلد روذس وبلد مصر وانتهب الجميع ثم بلغ الي بيت الوثن الذي كان في ذلك الزمان ليوبش وهو اسم المشتري الدري ليساله ويستر بمساءلته اياه ما كان يرمي به من عهار امه وجهالة ابيه فدعا القيم علي ذلك الوثن وامره سرا ان يجاوبه عنه بما احب ان يظهر من قوله قال هروشيوش هذا حكته كتب المجوس فاقروا بحكايتهم ذلك ان تلك الالهة كانت عند الاسكندر صما بكما اذ في حكم القيم الجواب عنها بما يوافقه ويوافق الساءل وانما فعل ذلك الاسكندر مستهزءا به لانه كان اعلم الناس انها لا تعقل ولا تفهم ولا تسمع ولا تجاوب وفي رجوعه من مكان الوثن ومسيره لمحاربة الفرس في المعركة الثالثة بني مدينة الاسكندرية بارض مصر وله في بنيانها اخبار طويلة وسياسات كرهنا تطويل كتابنا بها ثم ان داري لما يءس من مصالحته اقبل في اربعماءة الف راجل وماءة الف فارس فتلقي الاسكندر مقبلا من ناحية مصر في جوار مدينة طرسوس فكانت بينهما معركة عجيبة شنيعة اجتهادا من الروم علي ما قد كانوا ضروه واعتادوه من الغلبة والظفر واجتهادا من الفرس بالتوطين علي الهلاك وتفضيل الموت علي الرق والعب-دية فقل ما يحكي عن معركة كان القتل فيها اكثر منه في تلك المعركة فلما نظر داري الي اصحابه -يتغلب عليهم ويهزمون عزم علي استعجال الموت في تلك الحرب بالمباشرة لها -نفسه والصبر حتي يقتل معترضا للقتل فلطف به بعض قواده حتي سللوه فانهزم ففي تلك الوقيعة ذهبت قوة الفرس وعزهم وتذلل بعدها سلطانهم وصار بلد المشرق كله في طاعة المجذونيين واذلت الفرس تلك الوقيعة اذلالا لم يروموا بعدها الامتناع والمخالفة وانقطعوا مدة اربعماءة عام وخمسين عاما واشتغل الاسكندر------- ما اصاب في عسكر	من ملوك الدنيا خاضعين له فعفي عن بعض وبقي بعضا وقتل بعضا تم مضي الي احواز طرسوس وكانت مدينة زاهرة قديمة عظيمة الشان فخاصرها حتي افتتحها تم مضي فاصاب بلد رودس وبلد مصر وانتهب الجميع ثم بلع الي بيت وتن المشتري يساله عما ---------------------------------------------------------------------------------------------------------------------------------------------كان يرمي به من عهار امه وجهالة ابيه فدعا قيم الوتن ----------وامره سرا ان يجاوبه عنه بما احب ان يظهر من قوله وفي رجوعه من مكان الوتن ومسيرة -------------------------------------------------------------------------------------------------------------------------------------------------------------------------------------------------------------------------------------------------لمحاربة الفرس في المعركة الثالثة بني مدينة الاسكندرية بارض مصر وله في بنيانها اخبار طويلة وسياسات كثيرة تم ان دارا لما يتس -----------------من مصالحته اقبل في اربعماءة الف راجل وماءة الف فارس فتلقي الاسكندر مقبلا من ناحية مصر في جوار مدينة طرسوس فكانت بينهما معركة عجيبة شنيعة اجتهادا من الروم علي ما--- كانوا ضروه واعتادوه من الغلبة والظفر واجتهادا من الفرس بالنوطين علي الهلاك وتفضيل الموت علي الرق والعبودية فقل من يحكي عن معركة كان القتل فيها اكثر من- ---تلك المعركة فلما نظر دارا الي اصحابه وينقلب عليهم ويهزمون عزم علي استعجال الموت في تلك الحرب بالمباشرة لها بنفسه والصبر حتي يقتل معترضا للقتل فلطف به بعض قواده حتي سللوه فانهزم ففي تلك الوقيعة ذهبت قوة الفرس وعزهم و-ذ-ل بعدها سلطانهم وصار بلذ المشرق كله في طاعة ال-اسكن-در واذلت الفرس تلك الوقيعة اذلالا لم يراسوا بعده --------------------وانقطعوا مدة اربعماءة عام وخمسين عاما واشتغل الاسكندر بتحصيل ما اضاب في عسكر	133	2230	0	-9018933728813023257	7543072457349345702	799	1614	61.21437454223633	167	0375AnonymousTranslator.TarikhCalamUrusiyus.MAB020626-ara1.completed	0845Maqrizi.KhabarCanBashar.MMS00013-ara1
0	524	1189	1606	-4029061759496275370	3485423447167391186	0375AnonymousTranslator.TarikhCalamUrusiyus.MAB020626-ara1.completed.ms132	0845Maqrizi.KhabarCanBashar.MMS00013-ara1.ms2229	920	-- ذلك علي الفرس وقيعة شنعاء ونكبة دهياء قتل فيها منهم عدد لا يحصي ولم يقتل من عسكر الاسكندر الا ماءة وعشرين فارسا وتسعون راجلا ثم مضي الاسكندر الي المدينة التي كانت تدعي يومءذ غوذيانه وهي تدعي اليوم شرذش فحاصرها حتي افتتحها وغلب عليها فهدمها وانتهب ما فيها فبين-ا-ه- في ذلك بلغه ان داري ملك الفرس قد عبا واقبل نحوه بجمع عظيم فخاف ان يلحقه في ضيق الجبال التي كان فيها فقطع من يومه نحوا من ماءة ميل واجاز جبل طوره -في-- سرعة عجيبة ومضي حتي بلغ مدينة طرسوس وكاد يهلك في النهر الذي يدعي جثيم اذ افرط عليه برد النهر حتي انقبض عصبه ووقفه علي الهلاك ثم ان داري ملك الفرس لاقاه بابية في ثلاثماءة الف راجل وماءة الف فارس واقبل داري يومءذ في كثرة كان يفزع لها الاسكندر فضلا عن غيره لكثرة من كان معه وقلة من كان مع الاسكندر اذ قربوا اليهم فلما التقي الجمعان وتواقفا واستحر القتال بينهما وباشر القواد الحرب بانفسهم وتنازل الابطال واختلف الطعن والضرب وضاق الفضاء باهله باشر كلا الملكين الحرب بانفسهما داري والاسكندر وكان الاسكندر اكمل اهل زمانه فروسة واشجعهم واقواهم جسما- فباشرها حتي جرحا جميعا وتمادت الحرب حتي انهزم داري ونزلت الوقيعة بالفرس فقتل من رج-لهم نحو- من ثمانين الفا ومن فرسانهم نحو من عشرة الاف واسر منهم نحو من اربعين الفا ولم يسقط من ا--لمجذونيين-- الا ماءتان وثلاثون راجلا وماءة وخمسون فارسا فانتهب	اذ ذاك علي الفرس وقيعة شنعاء ونكبة دهياء قتل فيها منهم عدد لا يحصي ولم يقتل من عسكر الاسكندر الا ماءة وعشرون فارسا وتسعون راجلا تم مضي الاسكندر الي مدينة شردين فخاصرها ---------------------------------------------حتي افتتحها وغلب عليها فهدمها وانتهب ما فيها فبينما هو في ذلك بلغه ان دارا ملك الفرس قد عبا واقبل نحوه بجمع عظيم فخاف ان يلحق- في ضيق الجبال التي كان فيها فقطع في يومه نحوا من ماءة ميل واجاز -في سرعة عجيبة تلك الجبال ومضي حتي بلغ مدينة طرسوس وكاد يهلك في نهر هناك لفرط برده حتي انقبض عصبه ووقف علي الهلاك ثم ان دار لاقاه -------------------------------------------في ثلاثماءة الف راجل وماءة الف فارس واقبل -----------في كثرة كان يفزع لها الاسكندر فضلا عن غيره لكثرة من كان معه وقلة من كان مع الاسكندر فلما التقي الجمعان وثوافقا واستخر ---------------القتال بينهما وباشر القواد الحرب بانفسهم وتنازل الابطال واختلف الطعن والضرب وضاق الفضاء باهله باشر كلا الملكين الحرب بانفسهما دارا والاسكندر وكان الاسكندر اكمل اهل زمانه ------واشجعهم واقواهم جسماء فباشرها حتي جرحا جميعا وتمادت الحرب حتي انهزم دارا ونزلت الوقيعة بالفرس فقتل من رجالهم نحوا من ثمانين الفا ومن فرسانهم نحو من عشرة الاف واسر منهم نحو من اربعين الفا ولم يفقد من اصحاب الاسكندر الا ماءتان وثلاثون راجلا وماءة وخمسون فارسا فانتهب	132	2229	0	7002854641275350999	2074448269782644175	739	1204	76.41195678710938	159	0375AnonymousTranslator.TarikhCalamUrusiyus.MAB020626-ara1.completed	0845Maqrizi.KhabarCanBashar.MMS00013-ara1
2	227	1585	1562	-4029061759496275370	3485423447167391186	0375AnonymousTranslator.TarikhCalamUrusiyus.MAB020626-ara1.completed.ms136	0845Maqrizi.KhabarCanBashar.MMS00013-ara1.ms2232	1002	-ما كان تقدم من صحبته له ثم بعد ذلك توجه الي ارض الهند حتي انتهي الي البحر المحيط الشرقي وغلب علي الكورة التي تدعي نيشم وعلي الجبال التي تدع داراش وعلي جميع مملكة المراة التي تدعي قلفول وكانت ملكة عظيمة الشان فقدت سلطانها منه بان اجابته الي زواجها ثم درس جميع بلد ------وغلب عليه وكان كثير من اهل ذلك البلد قد لجءوا الي صخرة هنالك ممتنعة المصعد ------الارتفاع ------المنصب وكان قد بلغه امتناع تلك الصخرة من اركلش الجبار وما عرض له ------من الزلازل فاجتهد في ان يزيد علي ما فعله اركلش وصبر لذلك حتي غلب عليها واصاب جميع الاجناس المتحصنة بها وكانت له معركة جليلة مع فوز امير الهند الاعظم تبارزا فيها فعقر فوز فرس الاسكندر وسقط الاسكندر حتي ----علي الهلاك ولولا غياث اعوانه اياه واسراعهم اليه لهلك وكان فوز قد جرح جراحات كثيرة فغلب عليه الاسكندر واخذه اسيرا فلما انصرف الاسكندر الي دار ملكه بني مدينتين واشتق اسميهما من اسم فرسه وكان يسمي بوجيه فسماهما نيجية ونجفلان ثم مضي حتي غلب علي الجنس الذي يقال لهم الرشتش وعلي الجنس الذين يقال لهم الفاطونيين والمهرشيين وعلي الجنس الذي يقال لهم غرغشتين وهم كلهم في الهند وكانوا قد خرجوا اليه في ماءتي الف فارس وكان اصحاب الاسكندر قد فشلوا وكلوا وعجزوا لطول محاربتهم وكثرة ما مر عليهم فلم يغلبوا في تلك الحرب الا بعد الياس من انفسهم فعند ذلك زاد- الاسكندر في عدد رجاله وجعلهم اكثر مما كانوا عليه بضعفين ثم مضي الي النهر الذي يدعي مشنان ومشي فيه حتي واقع البحر المحيط وغلب هنالك علي اجناس اليوسنيشين والسوسيين وعلي القوم الذين كانوا اسكنهم هنالك اركلش الجبار فقهرهم اجمعين ثم مضي من هنالك في المراكب الي الجنس الذين يقال لهم ماذرش والجنس الذين يقال لهم وشنغرش فتلاقت به تلك الاجناس كلها في البر بثمانين الف راجل وستين الف راكب وكانت بينهم معركة جليلة لم يغلب فيها الاسكندر الا	مما كان تقدم من صحبته له ثم بعد ذلك توجه الي ارض الهند حتي انتهي الي البحر المحيط الشرقي وغلب علي الكور وعلي الجبال وعلي جميع مملكة المراه -----------------------------------------------وكانت ملكة عظيمة الشان فقدت سلطانها منه بان اجابته الي زواجها تم درس جميع بلد الهند وغلب عليه وكان كثير من اهل ذلك البلد قد لجءوا الي صخرة هنالك ممتنعة المصعد فابته الارتفاع عجيبة المنصب وكان قد بلغه امتناع تلك الصخرة من هركلش الجبار وما عرض له عندها من الزلازل فاجتهد في ان يزيد علي ما فعله هركلش وصبر لذلك حتي غلب عليها واصاب جميع الاجناس المتحصنة بها وكانت له معركة جليلة مع فوز امير الهند الاعظم تبارزا فيها فعقر فوز فرس الاسكندر وسقط الاسكندر حتي وقف علي الهلاك ولولا غيات اعوانه اياه واسراعهم اليه لهلك و-ان فوز قد جرح جراحات كثيرة فغلب عليه الاسكندر واخذه اسيرا وانصرف الي دار ملك فوز وبني مدينتين اشتق اسمهما من اسم فرسه وكان يسمي يوحه فسماها نيجبه ونجفلان كم مضي حتي غلب علي عدة اجناس في الهند كانوا -------------------------------------------------------------------------------------------------------------------------قد خرجوا اليه في ماءتي الف فارس وكان اصحاب الاسكندر قد فشلوا وكلوا وعجزوا لطول محاربتهم وكثرة ما مر عليهم فلم يغلبوا في تلك الحرب الا بعد الياس من انفسهم فعند ذلك نادي الاسكندر في عدد رجاله وجعلهم اكثر مما كانوا عليه بضعفين تم مضي الي نهر فمشي ------------------فيه حتي واقع البحر المحيط وغلب هنالك علي اجناس عديدة وعلي القوم الذين اسكنهم هنالك هركلش الجبار فهزمهم اجمعين تم مضي من هنالك في المراكب فتلاقت به الاجناس في البر ثمانين الف راجل وستين الف راكب فكانت -------------------------------------------------------------------------------------------بينهم معركة جليلة لم يغلب فيها الاسكندر الا	136	2232	0	-2526475309997056336	6620532955034975180	802	1613	62.12027359008789	173	0375AnonymousTranslator.TarikhCalamUrusiyus.MAB020626-ara1.completed	0845Maqrizi.KhabarCanBashar.MMS00013-ara1
1	56	943	1020	-4029061759496275370	3485423447167391186	0375AnonymousTranslator.TarikhCalamUrusiyus.MAB020626-ara1.completed.ms134	0845Maqrizi.KhabarCanBashar.MMS00013-ara1.ms2226	850	الفرس والنظر فيه وقسمته علي اهل عسكره ثلاثين يوما ثم مضي منها الي مدينة برشبلو لم التي كانت بيضة الفرس وراس ملكهم الت---ي-- كانت اجتمعت اموال الدنيا ونعمها فهدمها وانتهب ما فيها ثم بلغه عن داري انه صار عند قوم من اللجذمونيين مكبلا في كبول من فضة وكان الذي اسره دمشقان بن ارنت -بن خلب فتهيا لاتباعه وخرج متقدما في ستة الاف فارس فالفاه بالطريق وحدة مجروحا جراحات كثيرة فلم يلبث ان هلك منها فاظهر الاسكندر الحزن عليه والمرثية له وامر بدفنه في مقابر الملوك قال هروشيوش فلقد كان في امر هذه الثلاث المعارك عبرة لمن اعتبر ووعظ- لمن اتعظ انه قتل فيها من اهل مملكة واحدة نحو من خمسة عشر الف الف بين راكب وراجل من اهل بلد اشيا وقد كان قتل من اهل تلك المملكة قبل ذلك بنحو من ستين سنة نحو تسعة عشر الف الف الي الف الف بين راكب وراجل من اهل بلد اشيا وبلد سورية وبلد طرسوس وبلد جليجية وقبذوخية وبلد مصر وجزيرة روذس وجميع بلدان جبل طوره الذين درسهم الاسكندر اجمعين ----وان قال -قاءل --انما-- غلب عل---ي بلدا-----ن المشرق قلنا -له ب-ل تغلب-- ---علي- المشرق -----والمغرب -او -زعموا-- --ا-ن ايطالية فقط ت-	الفرس والنظر فيه وقسمته علي اهل عسكره تالبين يوما تم مضي -----الي مدينة برشتلو-لم التي كانت بيضة الفرس وراس ملكهم التي فيها كانت اجتمعت اموال الدنيا ونعمها فهدمها وانتهب ما فيها ثم بلغه عن دارا انه صار عند قوم من اللجذمونيين مكبلا في كبول من فضة وكان الذي اسره دمشقان بن ارنت ابن خلب فتهيا لاتباعه وخرج متقدما في ستة الاف فارس فالقاه بالطريق وحده مجروحا جراحات كثيرة فلم يلبت ان هلك منها فاظهر الاسكندر الحزن عليه والمر-شد له وامر بدفنه في مقابر الملوك قال-------- فلقد كان في امر هذه الثلاث المعارك غبرة لمن اعتبر ووعظا لمن اتعظ انه قتل فيها من اهل مملكة واحدة نحو من خمسة عشر الف الف بين راكب وراجل من اهل بلد-اشيا وقد كان قتل من اهل تلك المملكة قبل ذلك بنحو من ستين سنة نحو تسعة عشر الف الف الي الف الف بين راكب وراجل من اهل بلد-اشيا وبلد سوريا وبلد طرسوس وبلد جليجية وقبدوخية وبلد مصر وجزيرة رودس وجميع بلدان---- طوره الذين درسهم الاسكندر اجمعين قلت وقد زعم بعضهم في سياقة هذه الطبقة الثانية من ال-فرس -انه ملك بعد كيقباذ سنحاريت الثاني احدي وثلاثين سنة ثم مساحم ثلاثا وتلانين سنة تم	134	2226	0	-3631928846614084809	-5451317619383194087	669	987	86.11955261230469	149	0375AnonymousTranslator.TarikhCalamUrusiyus.MAB020626-ara1.completed	0845Maqrizi.KhabarCanBashar.MMS00013-ara1
720	1529	782	1591	-4029061759496275370	3485423447167391186	0375AnonymousTranslator.TarikhCalamUrusiyus.MAB020626-ara1.completed.ms071	0845Maqrizi.KhabarCanBashar.MMS00013-ara1.ms2795	62	وكان قد هم بالخلاف عليه في اخر ايامه احد خدامه من بني اسراءيل	وكان قد هم بالخلاف عليه في اخر ايامه احد خدامه من بني اسراءيل	71	2795	0	4482101899831416231	1256745765063295240	49	62	100.0	13	0375AnonymousTranslator.TarikhCalamUrusiyus.MAB020626-ara1.completed	0845Maqrizi.KhabarCanBashar.MMS00013-ara1
207	1052	697	1537	-4029061759496275370	3485423447167391186	0375AnonymousTranslator.TarikhCalamUrusiyus.MAB020626-ara1.completed.ms131	0845Maqrizi.KhabarCanBashar.MMS00013-ara1.ms2223	256	-الي من ولي- ملك ا-ل-فرس بعد شخشار وهو دا-ري --ا--لذي -غلب عليه الاسكندر -ولي --ست سنين الباب السادس من الجزء -الثالث دار--ي ----بن شخشار ملك --الفرس و---لي ست-- ---سنين ----فصارت -سنو -ا-لدنيا -------ال-ي ---اخر زما--ن-ه --ا---ر--بعة ا--لا-ف وثمانيما---ءة وسبعا وخمسين سن-ة وفي اول دولته غلب الاسكندر علي بلد اليريقو وطواجيش وغلب علي مدينة يروشالم وهي بيت المقدس ودخل البيت واهدي فيه الله قربانا قال هروشيوش ولي الاسكندر الملك بعد ابيه فلبش وذلك بعد بنيان مدينة رومة باربعماءة وست واربعين سنة فكان اول شء اظهر فيه قوته وعزمه في بلد الروم الغريقيين وذلك ا	بالسواد وليس هذا اصل فان الرجل كان نحر بالبس بناء قال وكانت مدة الاسكندر اربع عشرة سن-ة ثم ملك جماعة من الروم ووزراءهم اربعا وخمسين -سنة فذلك ثمان وستون سنة وترك دارا من الولد اشك وبنو وار بشير وروشبك التي تزوجها الاسكندر وقال هروشيوش ان دارا بن شخيتار ملك الفرس ولي ست سنين وفي اول دولته غلب الاسكندر علي بلد البريقش وطوا-خس وغلب علي مدينة يروشالم وهي بيت المقدس ودخل البيت واهدي فيه لله تعالي قربانا وولي الملك بعد ابيه فلبش وكان -------------------------------------------------------------------اول شء اظهر فيه قوته وعزمه في بلد الروم الغريقيين وكانوا	131	2223	0	7801281652361754306	303793730323346733	189	555	46.12612533569336	31	0375AnonymousTranslator.TarikhCalamUrusiyus.MAB020626-ara1.completed	0845Maqrizi.KhabarCanBashar.MMS00013-ara1
